0.079702121203234,0.008180933450517083,-0.0037924978800267088,0.0018047547331879136,0.0014513291472506994
0.07751386174499775,-0.011843291747983584,0.008601327368167884,-0.002299360933260746,-0.004130418694069215
0.07435556596630478,-0.0026286990082043716,0.0009740606376987914,-0.005202664351038567,0.0014582438539368688
0.08420222376727876,0.019855513870882566,-0.003947670512008058,0.006197529533556675,0.0005310445888812922
0.07655406166196674,0.01962745717805498,0.00993504887100204,-0.0011761094567077364,-0.0037012055947420806
0.08497533530639893,0.0014109586574973588,-0.0011180799389402265,0.00832176764793266,0.007315773929519074
0.08623704748798446,0.001470538135361223,0.002567483613563227,0.006134857152837445,0.004380747492092378
0.07433248743004016,-0.00151182593072763,-0.0019124275725483054,0.005011756709826648,0.00485818548680214
0.08246113911529411,-0.0016999924446647644,0.0051703929735845,0.00650256206282787,-0.003392699352630148
0.07687104691324716,-0.008607765220486308,0.0070354837338203425,0.0018741533213157552,0.003974122063624574
0.07251520193977352,-0.011425231661030003,0.011152627522029047,-0.0030044931440571616,0.0008902600070733945
0.08281621567555728,-0.005042361736703819,0.00824489097170861,0.0014312488769747508,0.0008489601739985963
0.08783616431149005,0.013846360239537206,-0.0034727451173398463,0.011602361644959428,-0.000543893564184902
0.08025979629504036,-0.007313307731510336,0.007364507144740598,0.004277107820288584,-0.0006924517620664334
0.08637359113808815,0.012153391913964988,-0.0008932053658546767,0.005880476195916308,0.0003251230281868043
0.07856314611542463,-0.008487763682325272,0.006415119506933065,0.0028594630668598744,-0.0008075879194535463
0.083473693095322,-0.0010887948398408311,0.0003861510053636037,0.0073640050698334965,0.001440290237923985
0.0907390515667785,0.019954896829376203,0.014038713137987836,0.008364969955013285,-0.002121953227053795
0.08403714999475428,-0.008346230782603582,0.005855163023792687,0.0065670543291761335,0.00018774235363931729
0.08396024834010513,-0.01075003992096827,0.005283383646705911,0.0077129294200520785,0.0016037601584174823
0.0788763163571029,-0.012382584945531952,0.008812981210906174,-0.0006323621161942239,0.001388883793430432
0.08660801957345064,-0.00948250838613656,0.004417661773996536,0.007090568709639715,0.0037285331476708135
0.08437674761866046,-0.006832925357109248,-0.0020977713480809556,0.008208829994996069,0.0014915551078038872
0.08942110907705016,-0.0068571918387470825,0.0065889642615331685,0.008527523023118573,0.0012582337251490002
0.07678007187484649,-0.006279804067757079,0.004510564202119363,0.00483549123089081,0.0006477555432390899
0.09089490575360698,0.008633028656808333,0.008310711113969884,0.008051069838629372,-0.0017095569220796996
0.07869727836063362,-0.019979423939491814,0.008900411507612683,0.002912401966077648,0.006593467313389718
0.07909837653112811,-0.006786870919123615,0.004734238050098389,0.00612105221437155,0.0010735067215006389
0.08477426404768157,-0.01007017710952872,0.00990086575827488,0.00317520941911301,0.002132074432741198
0.08028203666484156,-0.013233347674892698,0.00444489954215625,0.007508623610952402,0.0034712884944518704
0.07729998357244262,-0.004277498025738254,-0.00040863933723056636,0.007133407022823246,0.006745473347002541
0.08002353086622037,-0.016720979929833717,0.007881426724126839,0.010028984595447224,0.003240046721057045
0.0769951457526148,-0.0044218379530241245,9.23961899721075e-05,0.007430930861245621,0.006794493698337333
0.08020189471121582,0.01799249021569422,-0.0019134871211706644,0.006010324363988614,0.010437573664229864
0.07645627822746913,0.010815361749223215,-0.00369658061415547,-0.0034165767293503043,-0.0007297697111150823
0.07688555026879013,0.010852598153551092,-0.003686018447689598,-0.0036014352669942883,-0.0008588382718005257
0.08001702698114137,-0.008661378307321582,0.010347720944268243,-0.007057037670302737,-0.0020149500289517864
0.06843938967114442,-0.016270161016887497,0.0064626120017645975,-0.00032514900484485287,0.00027038459799590066
0.08556578318372438,0.016944323737049245,0.0119913119608092,8.799650265305972e-05,-0.001102628909031
0.09267383649546498,0.012339763836873184,0.021724407516469188,-0.017897883067746936,0.007492300637465331
0.07900065866853245,0.010998960740425029,0.008147451374939973,-0.0017942434533449456,-0.0018782391908926525
0.07284383966729394,0.005674680913219502,0.008661510690711192,-0.0022975352012129095,-0.0038554619185132213
0.07514408081141744,-0.007820102256052591,0.0109514620614569,-0.011793558545131956,-0.001007072400215153
0.07711605628062641,0.0047613419447685166,0.006164617618506478,-0.00918217631819628,-0.005954902816538109
0.0783586431919268,0.004130537002824298,0.0019917390827654327,-0.009295203229530105,-0.004329474866457179
0.08839743988366912,0.006973593822134045,0.00909932058308222,-0.010898224995621476,0.002480349835278035
0.07594254916395353,-0.0058053808105581126,0.014555430357517319,-0.0045555530162469555,-0.0005397857200771442
0.07895970458112267,-0.006624812058573162,0.008111049518108775,0.0016964372813088613,-5.006084130620268e-05
0.0756973994058643,-0.0020730709401697227,0.004262824683252306,-0.0020505951941670346,-0.001959509719694718
0.067752873576275,-0.008987940998963115,0.007941669910832573,-0.008508284164179852,-0.0022018412813609414
0.07309658626178861,-0.014546910669681674,0.013494063991162207,-0.004373550723980617,0.0010282107102312203
0.07053012706531932,-0.013874907837161145,0.011922305703995318,-0.007453526958020403,0.0017081328606357018
0.07077015575812994,-0.008608259450315934,0.008868599663115463,-0.00943469633329903,-3.3599957970084506e-05
0.06855982835686558,-0.01068829032122872,0.006038657485654583,-0.012729593416895212,0.0004797171601734824
0.08657303677812835,0.025277675922122853,-0.001134204841000752,0.006358504524643941,-0.007742459605731708
0.08279225669885737,0.006391453009218301,-0.004332986024901273,-0.008979038691969286,0.009046848027388137
0.07974060156343869,0.006087727792762023,-0.007796669443964861,-0.011280798756910243,0.010606244578515374
0.08428427198348978,0.014805033585237812,0.015134631505197631,-0.0027700543413715405,-0.0009139731351948933
0.08080741045134848,0.007543817282569164,0.000821427517456641,-0.0011986997335010964,-0.0009433334063720746
0.07823467570316556,0.00912971866959918,-0.0005512853494332159,-0.005453172059930424,0.0034639777409753232
0.08408893098757181,0.018482070717223444,-0.007263366422711844,-0.0007706274179700944,0.005971798564873835
0.08391293721530563,-0.008420470417666234,0.012453079547488408,0.010025996634332549,0.0038667035241702883
0.08679019756631659,-0.017769017270997865,0.017877549403207193,0.008955233449063633,0.0128653195498894
0.08239624727984861,4.042878605986307e-05,0.00471654769200707,0.009039256615863925,0.009737478448857952
0.0828883623656541,-0.004362852670599561,0.015778728615648756,3.7119277085882554e-05,-0.0008754409779054543
0.08317245918746725,0.011345623405805914,0.011238997042565995,-0.0008446153014591288,0.010169920058852387
0.07301402680025634,0.0093676832490093,-0.0036885306666260306,0.00015787417648429713,0.0005799260349123572
0.07587120524074163,-0.0021793506548621953,0.004664417642361885,0.0019183045327227897,0.0029347739687253845
0.08028270099053474,0.00013881480654405644,0.0019226898598076689,0.011144583692426099,-0.0032407709168324073
0.07805065655970099,0.0035497338208112716,-0.006035343805490212,0.01011327525452729,0.00952294916507595
0.07795323506350751,-0.0021224443487768115,0.0028580146862406427,-0.0010906401033616703,0.0024135436406102512
0.08114354131308449,0.002081168587975539,0.004504154491839233,-0.007929695137728345,0.0048436812570437915
0.06875673725242251,0.004332405755477157,-0.003361919566184591,0.0029776363107535554,0.0032683899177416305
0.0847308301884996,-0.008165691095398359,0.013723582363794637,0.0043352679577283925,0.004810674228800736
0.08070608404451309,0.012913353315787541,-0.019786787333047978,0.000703312797542974,-0.000802791650734515
0.08658081205596295,0.008889992201330625,0.004404510457590687,0.0008759255059546704,-0.005772166952560034
0.08029276162150296,0.004621516038983611,0.01049993560566636,-0.005329536863566899,0.007190653796913719
0.07972652697402349,-0.004359942685723425,0.012484517165908534,0.007607866841750908,0.002263290046809785
0.08349698804347581,-0.000700115180409773,0.010639956336615077,0.0009259813428381277,0.0035703294054082557
0.0866177115635914,0.0027621619897819348,0.004791645117213158,0.005735903595658704,0.0027612653889490094
0.08195305131698669,0.014147129918909547,-0.010317931815404458,-0.0002622450198346257,0.0031303325256186007
0.07699528475696991,-0.008530719496960637,0.008379476251405088,0.002160109963712955,0.003572358254671083
0.07807086882484368,-0.007543662124758218,0.00672832156552689,0.0029998023972816865,0.004009067486943845
0.0838503400902093,-0.0030578726048395657,0.011362639435000432,0.009381544318227216,0.0016186528620055671
0.08157916197816725,-0.00907872109553556,0.008107358736093742,0.010898322041641621,0.004225680366988193
0.08231536841490764,0.014911728442571865,-0.0022369187010664914,0.0033536471169101035,0.0019477163993084782
0.08406786756836204,0.014552043149456182,-0.003063441977374781,0.0019772091046590637,-0.0008318684374481054
0.07759811735740967,-0.004330131083120604,0.011866067577259403,0.004194397453613015,0.000245390158269818
0.09125302537213567,-0.008030545790611316,0.008408677765106596,0.010067475085885264,0.006730177096690141
0.07238304844421876,-0.01187945408983245,0.009154812143703124,0.005320911340259981,0.0010689546315616719
0.0700861920533574,-0.011877880218510967,0.010682893618602354,0.00626687014017634,0.0021750772428901
0.0817441832200225,0.0006945247227363517,0.010575896611406658,0.009835123209232036,-0.000997015981858825
0.0755516093478848,-0.007107256747705102,0.013032069447179565,0.005617283964717064,-0.00042618689614543894
0.0863436529382859,0.017544445186267247,0.008400709432142101,0.0009439954190408913,0.0004942666149060089
0.08390333471999516,0.004249168669111682,0.0039937846961241984,0.00406945697470485,0.0034662385293944306
0.07631431443751353,-0.0034278471487454065,0.0018006449684563768,0.00598558931303687,0.006553355185252666
0.078841507769795,-0.00803448855809022,0.00360004254650896,0.006391281069759816,0.006119186327699773
0.08014333941625441,0.00901343223897977,-0.007524848909098588,-0.002567785957790638,0.002050600191547705
0.07573040821343152,-0.0031926139901479107,0.00888549271377849,0.0012972687205968511,0.0023947717521185788
0.0741988412883504,-0.005236169620323619,0.011544184969036414,0.002386435343525903,0.0042067186798158945
0.07644709499111403,0.0007223742124673401,0.009989196404290855,0.0006964093902527971,0.005318154084098767
0.07952738315654713,-0.0032921593571917144,0.012452516797966868,-0.002074955790581567,0.008832419487221623
0.08113433189090671,0.005360922162039638,-0.003986903862827234,0.003670795064919655,0.000986620536109063
0.08195360754483354,-0.0016981947617678238,-0.009483436890882255,0.0006565706382247895,0.006035341094351443
0.07503168704128295,-0.0048351765620359465,-0.009976650882606184,-0.006038479525044138,0.0064722917379757845
0.06873312856045276,-0.004126656821451239,0.002150028737123704,-0.01261288497383224,0.002635607595024644
0.08473808415822258,0.013146799953979889,-0.002957036034949408,0.00858953615354589,0.005900352028063998
0.08402534098817967,0.007186885757095238,-0.004414960122747871,0.006625699120053397,0.0024399573099008675
0.08029721403699991,0.001268157874676533,-0.003068534130141847,-0.0017246873548158062,0.0022967829370139263
0.08055982154612125,0.004603797336201367,-0.0041310643461780075,-0.0005853706186267102,-0.0011478005289721042
0.0811136213042311,0.008281597556168092,-0.0011810974160232086,0.009517450146870516,0.009733068505022632
0.07273129910203785,-0.0017303629582389372,-0.008032709800223284,-0.004843864194498112,0.0008246552772439762
0.07277292300830017,-0.003909927676109969,-0.0014611231164282303,-0.0010764945374872742,0.00661317638182108
0.07899988157378751,-0.002192841234939331,0.0029281213866764206,-0.0028382814256473704,0.0016355622769433928
0.08369792149838648,-0.002904664940593115,0.009622380833381615,0.0014233874207527496,0.010046389698075987
0.07482576346850289,0.005506511500219046,-0.003622907619459947,0.005273472141752053,0.005097791070051534
0.08754828328482597,-0.004764201085128679,0.014606442806518993,-0.0037136677851867905,0.01540367549260649
0.08450187810099961,0.003477155126341946,0.01303401949123567,-0.017730552373421537,0.014781953296713926
0.08898291904806416,0.004850961563345571,0.0019462579574858205,-0.00722421445547499,0.010321908328873903
0.08013257008250774,0.009635844808160685,0.005204277055496057,0.002991483178330938,-0.00017463407964475044
0.08768685334553486,0.021023768010631393,-7.517056595061008e-05,0.009978967831709405,-0.002833140792949546
0.07568697035590517,0.014759926833705729,0.014525111381186142,-0.016569532217798468,-0.0051570874419954085
0.07786797523570448,0.007792662921321245,0.01923009978682217,-0.012440180381042098,0.0019801830881803987
0.08168579046878828,0.014445183242244641,0.018179651821497538,-0.0076869485751781316,-0.002549330998419961
0.08463225553574535,0.012862490202087157,0.007973572971509467,-0.0014040854933907248,-0.0026211602639232873
0.084914680635335,0.020570488813125006,0.0036642293877604043,-0.005195419899492458,-0.011700777431307905
0.07768704325022133,0.010276670537424067,0.007345947543169197,-0.0030823332190290584,-0.002842131758353843
0.08760543327820702,0.01557319448522793,0.000483308830981688,0.00857264298820946,-0.0021995589581741493
0.07934567520502056,0.0028194272699344665,-0.0006579099719503988,-0.004118345497003707,-0.00019657072501129416
0.08489586413998802,0.012088767449558325,-0.000734269762797174,-0.003414799590835322,0.004093589035026674
0.08558004713372619,0.004775057756844047,-0.00033229627939779363,-0.006758792143077511,-0.005348482339677442
0.08087226470712128,0.0028491422414085783,0.009365482809125693,-0.009604993233517765,0.004564104110389975
0.08502342595679953,0.016179809449461176,-0.001585762514715166,-0.006792578861640699,0.0011179887368407576
0.07746336919039026,0.010032691011724666,-0.0005383100529705444,-0.00845148277959504,-0.005429965574630538
0.08031562116631466,0.010081270773587747,0.0016494950969340664,-0.007558276053043714,0.0011538621627060098
0.09218186362661412,0.028434199763903538,0.011534251392297502,-0.0016561081350265142,-0.008107129348635498
0.08986162354178427,0.02357687910921847,4.9923769024337255e-05,0.005397682689637354,-0.004684188053330649
0.08562351776950154,0.017477026352813268,-0.005380989915109128,0.007781318638659877,0.003024962943826738
0.08527398541015725,0.01827635125949312,0.007689663559617342,-0.001988076863455439,0.003325383916531905
0.07730405645080152,0.012419324390870262,0.00831587612369446,-0.007133936460717647,0.0030706259706627117
0.08641259240731212,0.01632363344623038,0.0012252776430056113,-0.0029298445892428924,-0.0025871394712037965
0.0796648331160619,0.02087867828253999,-0.0009264401507570642,-0.005640746518820038,-1.6621705512999844e-05
0.08378896227815594,0.007679328709744571,0.007267838505349137,-0.0058865425088735655,0.004150143691699959
0.0831703227331188,0.008891196153046343,-0.0004853858756282257,0.013953952061458892,0.005715518965828554
0.08581302629817196,0.02162693965186224,0.009358628991281252,0.0014500939895589946,-0.004531236793877527
0.07950412522450288,0.006310025645394765,0.000977201895670763,-0.002067748535179938,0.0069197255698907325
0.0837454134047016,0.007660930148290687,-1.0887270888508181e-05,-0.005124663742811762,0.007701538227786439
0.08564170362279763,0.0192646852112467,-0.004608648555088347,0.008093817594937703,-0.004855178427177896
0.08368429974463452,0.015344807282120608,-0.0047088240956990575,0.0010740505248721765,0.0003124640156481718
0.08514474334935183,0.01654612017625593,-0.002640573259654924,0.003263346832837729,-0.002782064307970244
0.08825478558757967,0.023351728290871558,0.0004808083214737391,0.008556589319817658,-0.0024032066606528685
0.08307584231388876,0.014217406996747983,-0.007364191881697555,0.004553528241838962,0.002365270917267428
0.08788479397866006,0.020996313726252432,-0.005511371752344555,0.007967180128883287,0.0005031224982550945
0.08266501901656438,0.010563975157915394,-0.0029225520870446164,0.0008161010412164224,0.004160493498853668
0.08457015164308553,0.02148502370043866,0.0021106794162400826,-0.004652094516518797,-0.006025929807255374
0.0754961931885631,0.002366234763688955,-0.007128787191893036,-0.010602693078285142,0.01227266601899129
0.07548995818019431,-0.0011381092221412598,-0.008128492230706446,-0.010164062746695526,0.013543590470987606
0.08090786866201569,0.0059350191068734265,0.0070021687496252,-0.011296577341791063,0.004163571994198821
0.0738875705170389,0.010224593449592072,-0.0014730080586324462,-0.008900434986441337,-0.00118550458942042
0.07858208792463194,0.008855258886048321,0.007694282051751268,-0.002152566138801914,0.0022886655569961277
0.09443764637515871,0.013109527858346449,0.011837417021535018,0.002326394620859361,-0.0015649716662850246
0.07451562815553206,0.009855907220098556,-0.00525774589612799,-0.010053969858997272,0.00047917438836954206
0.08509771842076709,0.011482068430574222,0.004667709610346734,-0.006402005538187107,0.001707448125641783
0.059099048387781204,0.001589701139018529,-0.021635309849482403,0.003374938344674407,0.010830024553845982
0.08555852370146474,0.016203481873225543,0.005066615134187959,-0.0027394938939384397,-0.0010859060301206518
0.07767426601144424,0.009320361703635417,-0.0003514243296757414,-0.0032092508475369957,0.00973519774516357
0.07720522559909865,0.013100977956639835,-0.003478221932648264,0.0023047512554267087,0.009338010595454155
0.08378901473611573,0.009854439390609357,-0.0023177514602331414,0.001512489139314119,0.0016082519372939495
0.07726931633916492,0.0019995777890441614,-0.0001119964783208907,-0.01084615475981702,0.010909717668750242
0.09314289341549485,0.0034206792033690397,0.017856817736349156,-0.0024279801218289356,0.009399547791452616
0.08085656578225979,0.003736025776724449,0.013370550720316074,0.010587409127029141,0.01380728623513843
0.08883773596545863,0.015028552898481717,-0.006401521306796327,0.0040598407949314205,0.01318828476926219
0.07584527345276104,0.0008584557950419715,0.0062830097681249066,-0.009006533309269222,0.01054840568519563
0.07948304052241335,0.005441843578171243,0.007978670177197165,-0.010338898942804067,0.010818512790569654
0.0831550125107332,0.005411522750897139,0.005236450161069266,-0.009106061009364633,0.012167410600700704
0.0740407148039233,-0.011398966019281314,-0.00727782293357936,-0.0034067423590158643,0.02372364121715677
0.07683697729800903,1.9796096939812678e-05,-0.005231282814266692,-0.004767103500205407,0.016980656080398872
0.07518384210012695,0.004321293594644793,0.013970100821990137,-0.012580347411964923,0.0008227325596284804
0.07377975093887927,-0.011827950343508536,-0.006955118525174124,-0.0027557466392407336,0.022453389441195005
0.0721229233003443,-0.012659839361916317,-0.007497606498440028,-0.005857368249676413,0.021986921814621876
0.07320862255940219,-0.010076108752923087,-0.006849483583270944,-0.0031892935056745965,0.020979247322710413
0.07467238775283964,-0.007491127112452408,-0.008999021270425815,-0.0031298514177974875,0.02038588669589747
0.07426594894881305,0.001696781838514743,0.0003857920055203062,0.001961082812242869,0.00957153427151267
0.07508476268423561,-0.00503186401070202,-0.008187514167111326,-0.0006350887332994155,0.013943964987578817
0.07986284194700904,-0.005256620115785933,-0.008592670413090444,0.0015992439968305265,0.016708081555039382
0.0792312441939505,-0.00601064188310143,-0.01142330239545231,-0.017272734250084524,0.014457899322571783
0.07441186141409288,-0.007791159972366203,-0.008726879329250441,0.0005277296969523796,0.01905564252891148
0.07414028574367758,-0.008721876365663161,-0.009007502034436463,0.00022863930715176628,0.018961941331824574
0.08006832465675592,0.016461605239931742,-0.0024720105347366917,-0.0033829922288764586,0.00012799326758337635
0.0701855992892164,-0.012466496868316801,-0.010964868141929662,-0.0017368773406445843,0.019831867567390006
0.08656538168908251,-0.0022573125065797625,-0.004666871213493587,-0.001114308497665549,-0.010408670077708971
0.08449160435411453,0.008309498656696503,-0.0043079760853652295,0.010358725789008963,-0.008140155284831798
0.07657573509842079,-0.004128256570087777,-0.0036601073645031196,-0.008902437932335052,-0.002241171767779104
0.08499621308024034,0.0007584144235410805,-0.012132360321903178,0.004263983383451412,-0.009617689387649972
0.08406871556034821,0.006384312409809652,0.0024142598086982696,-0.009441690694510412,-0.0060860162603125646
0.09197985315361434,0.0020042655649285296,-0.0014165087598037051,0.012503140789987793,-0.0005991249378070427
0.07825069090738966,-0.0006997022476619792,-0.005546304928026323,-0.00774745549542498,-0.005863927484006056
0.08372788850107436,0.0025307932792073473,-0.004714892884088643,0.0026697934607348337,-0.0008732888198463187
0.08378353126152736,0.0012484211058315443,-0.009257521709405206,-0.005410512960916982,-0.0047340732250510794
0.07665206947205673,-0.0027958500005393705,-0.00787801764571343,0.005890516825748861,0.0007237062735633336
0.08106753725921749,0.0013527222040768502,-0.001629289680993868,-0.0014991612491529536,-0.002730087150592982
0.08185707399972048,-0.0039040222644310617,-0.005580291918945442,0.0021082289436910517,-0.005247443007682
0.07826262902705527,0.0032403940142370674,-0.006447669380635363,-0.004772584087248394,-0.004933607455006867
0.07144125283517214,-0.0006807188094139718,-0.007359264778240843,-0.008583372690032192,-0.003254311345790832
0.0881622985765337,0.0036284186189568302,-0.011961776151431854,0.009314650910579021,-0.007690773810860046
0.09034715052345456,0.002701460639867581,0.0011598826618196712,0.0018449683418173526,0.007840352278028777
0.08045552691015127,0.011342095033546794,0.00058187259323277,-0.0022578179844364578,-0.009915153393295188
0.08135522758052793,0.008254290997436655,-0.005690596578754372,0.011715817190982488,0.0017511732407935656
0.07982496373550546,0.0101163761470731,-0.0023076309620224536,0.004118212130304029,-0.0019560692066524564
0.07964621041748261,0.0016801441234245448,-0.0007953766886077387,-0.0032090363801950393,-0.004547083185816307
0.0755304331326727,0.00815085383455322,-0.002392528776472293,-0.006722585875554061,-0.016118675874419102
0.07165437450716207,-0.0025341730521723053,-0.01019634933950432,0.0006287479114039738,-0.006814195048478664
0.0742810152376566,-0.0026875858540275936,-0.0010937554785733698,-0.0071763918144303945,-0.009217017505954597
0.07478898188745563,-0.006607029049462784,-0.0038559739996219073,-0.003995137050320371,-0.005279428914453539
0.0742810152376566,-0.0026875858540275936,-0.0010937554785733698,-0.0071763918144303945,-0.009217017505954597
0.08089677460536622,-0.00594427910794857,-0.0031773092698888132,-0.0013164904257024336,-0.0008735966437846636
0.07746561292811711,0.0009251461976793618,-0.0005731241418333752,-0.002418082255066096,0.00041511406490027234
0.08373326841223709,-0.0033439806909659796,-0.012678903065311815,0.0036891753793357952,-0.00780707833572977
0.07822122523652669,-0.0025898344346072166,-0.006166981168296453,0.001711733596924909,-0.005690392807987105
0.07991678862945163,-0.0032390403323806984,-0.006223282555491748,-0.0036564109454666842,-0.005951803817190284
0.08425458599009017,0.00021345906839643258,-0.005916626342410879,0.0019444051470502667,-0.005972108796211197
0.07420893982477662,-0.003282865337868218,-0.01070528815176652,-0.008291807555654326,-0.00024117882442751043
0.0801854945115994,0.006422031969952549,0.0015979087874935056,0.002387218742131809,-0.005227949028556554
0.07985992092625663,0.0038154137387248033,-0.010377339196060147,-0.001725227599839497,-0.004105946030904674
0.08557448344390431,0.012845606171678462,-0.011121906213764165,-0.009904333465405635,-0.012020803400185872
0.085997548795427,0.01782528372083798,-0.0003730053281155068,0.011237209849993489,-0.0034544268231777833
0.07671050918280865,-1.0154098266949673e-05,0.0033304455643301924,-0.012815204376979928,-0.0038695919624734867
0.07893640969399035,0.010331755580293776,-0.000626775284758849,-0.0014063195453619926,-0.012242020592899555
0.07458450327234571,-0.0014584931757982852,-0.01160413688907048,-0.010704835980161339,-0.007918303613258258
0.0848296421879012,0.0055978985391245155,-0.00722734018990614,-0.004196198458522701,-0.005373936896855695
0.08234753129048976,0.012229505077811662,0.0049566436559856574,0.0002995018412400862,0.0012993726299483051
0.07393328477834095,0.0002279920288279441,-0.005628104814872451,-0.014882131096119616,-0.008225891622829693
0.07825035472465508,0.0035990927838376098,-0.007364537694484139,-0.0027124679127171446,-0.0035449440283938163
0.07673474202820105,-0.00476535163115525,-0.006297665030407351,-0.0036003676884886243,-0.005926820313899678
0.07883984212634366,0.005767750444904497,-0.009598852703319725,0.0043221437022307775,0.0007083168689345754
0.07674356866587981,0.0019089021176349323,-0.007158233103893726,-0.002057974098837854,-0.005110859803996396
0.06770710096070806,-0.005314618332811835,-0.0031371285639936594,-0.014727269708086901,-0.007697272951030848
0.07438892044262951,0.002023041263875755,-0.005979134028365773,-0.0023331138772656533,0.0012937255300009567
0.07477222809926896,-0.005788332867106518,-0.004701342213933808,-0.010774741619518828,-0.0017124806828793086
0.08242845409654534,0.0173886701504208,-2.01484000656399e-05,0.005560952778460971,-0.006050254575264966
0.07612585042766395,0.0025590474569548638,0.001534615775078414,-0.005304557629797112,-0.0027471106160796583
0.08126266079413068,0.002535771258037752,-0.0007875332116545187,0.0052570273929584445,-0.0052774309191759156
0.07321065933893671,-0.0048345465363979915,-0.010794398020038048,-0.005820735779509823,-0.0017166174773741386
0.07689392216554579,-0.002970404817360884,-0.0004259557817368618,-0.009054636710800396,-0.008033114464729632
0.06668500134720301,-0.005619304957294851,-0.001712929090610657,-0.010297575799556731,-0.0046224626910705375
0.07299447536048631,-0.00017876110656542293,-0.0032580366013115667,-0.006938443930051367,-0.006310811078717342
0.079337395636351,0.01244768702696975,-0.00811304321143083,0.005555147274757989,-1.7480268311105036e-05
0.06944294800727692,-0.0049076537209049925,-0.004529422331678594,-0.011727796958319693,-0.0007651877315285512
0.08283323082942949,-0.0035663826930353477,-0.005831749167010642,0.002751771630585308,-0.005601979833402529
0.08320214733763147,0.012742460128270981,-0.004880209138614148,0.011548908913295528,0.0025918038253749153
0.08555688369920625,0.013775954085452588,-0.0012589147685752554,0.019657292681656544,0.0029606624805376927
0.09350824741110257,0.022246508599147927,-0.0008142172714186495,0.011484193701053358,-0.004316753621191447
0.07304227843099638,-0.009303366352566698,-0.020893056106038633,0.0010982237591069326,-0.00790727497830569
0.07471866811002129,-0.0015502265565101284,-0.009317048088574644,0.00844987948231141,0.001371091863917167
0.0715998916441833,-0.007949007083910739,-0.015339267004119524,0.0034195157178101786,-0.004398060580278068
0.0687672871178135,-0.004819392175867379,-0.0001702016551636315,-0.003474931611920418,-0.0036452483790328383
0.07481717445087097,-0.009408718830823904,-0.01421183926103505,0.0028897879589261607,-0.004384316599584505
0.08109799844003107,0.010363466052842222,-0.01530263332927447,0.005654783024563429,0.0007435196150281108
0.07890045721989518,0.009617983205581522,-0.01793526254917008,0.007701370640119975,0.00011580938191536544
0.07646615983881391,0.0033963903278090854,-0.015105415732959331,0.003503555709166554,-0.005262549660573625
0.07462954240798585,0.0060522462251661625,0.0018946011011703556,0.0007036626171790236,-0.0014223825409042374
0.07965835244934397,0.004592344817129938,0.004993507669407983,-0.010605104352795875,-0.005325365737208425
0.06773446424628474,-0.005795578679026317,0.0031889565084748336,-0.009816620464870298,-0.0014517137732417483
0.07754725615541401,-0.00013181085945007838,-0.005470496288152121,0.003807971788283022,-0.0010978773147113593
0.07228830668839431,-0.002121283316035269,-0.004410189147709245,-0.007200891995446923,-0.006245380588297152
0.06846703364729777,-0.009218558854645372,-0.005683368943911018,-0.007982248821783576,0.0027238766026260273
0.07783839013785722,0.0044014155566939415,-0.004182060127394091,-0.00025075878041432736,-0.00019967940592698617
0.0764303280235457,-0.0024848938504430738,-0.004366220235591121,-0.005328210156866415,0.00217528451819389
0.086713528876959,0.010673713537431689,-0.005898006988193105,-0.0027951082622557923,-0.002681054363721453
0.06935853169419025,-0.005925412444979262,-0.0003923743380240546,-0.008803252705719227,-0.0024895236412812247
0.0759898232798849,-0.0031126033078605663,-0.009398392615632316,-0.00404247974290949,0.002565841396610758
0.08247538987559422,0.002257141401990059,-0.005157633282574773,0.01101987260495661,0.002570475914531804
0.07625433703159581,-0.005528850576358235,-0.004645253618531832,-0.007239762555332788,0.002266519854274839
0.07772990370802224,-0.005536530334972611,-0.007898725954415188,-0.007190280798634355,0.0003859806143999298
0.07883605353574134,-0.006473771677387598,-0.009080052970032535,-0.007211551579965158,0.0009427310094054575
0.07954219838753288,-0.005196247950018421,-0.008079680166569956,-0.008194767617146643,0.0015240768333869199
0.0817771643972282,0.00037622188169003174,-0.013668962364706412,-0.0026082559021751413,0.001428760131235316
0.07992586330370112,-0.0026991607236263554,-0.011434444296663848,-0.004723306028681456,0.0039038709180291282
0.07763909043001982,-0.0016125813351002877,-0.010880289304813523,-0.0059972821927064225,0.0011710950740072834
0.07198119388844657,-0.008672666331649823,-0.013554430151264323,-0.007987062568739208,-0.0005724597348656434
0.0677753269845781,-0.004385312756551194,-0.002335011125967564,-0.00925431294803832,-0.0032698860923494693
0.07048226751089444,-0.007187780124910967,-0.0015920702038746313,-0.006579693358587742,-0.0007856514269979841
0.07617043621728217,-0.006388328468548574,-0.009533530008860152,-0.006533893822697226,0.001869851998053997
0.07847998540475257,-0.0057285695171121215,-0.01268475789799859,0.0014736543026043424,0.000389936449724658
0.07522437818112078,-0.006272063057159603,-0.009574938656006938,-0.004045036126676269,-0.0015382004405069469
0.0749784118231269,-0.005670307398454675,-0.017703320224191986,-0.0010155101476942818,0.00037487687544703307
0.07371810140856384,-0.004710701256132619,0.012625593603340018,-0.010035367487397804,-0.002633582089316157
0.0749283738056408,-0.011546582019839461,-0.009593315388340799,-0.003028954275611571,0.002541301181858488
0.071725073346214,-0.012220808487885367,-0.009059937458664822,-0.0049910984919877876,0.002360193598648408
0.07406057827693587,-0.010796484016241325,-0.008636665018506568,-0.0038973915684470035,0.002027643788273811
0.07733771869565267,-0.006946649432459559,-0.011854096476966764,-0.008367675029765214,-0.001244946303899809
0.07238915526761466,-0.012307533266767945,-0.008233334940373217,-0.006075486886482966,9.780036649242758e-05
0.0772202622896632,-0.004506413239188915,-0.011786328364104624,-0.008540607876322302,-0.0031450839086928544
0.07445802175597875,-0.00944311883822362,-0.009441563098036995,-0.006815736057901164,-0.0008940942258131115
0.08936920368581067,0.01713094780052178,-0.005136423874182537,0.019733239495721696,0.0036687342537299146
0.07624028868396354,-0.009090895204926444,-0.009602799792547901,-0.004587915833944128,8.593997691543907e-05
0.0740891800490769,-0.008152259596455236,-0.009753758971940758,-0.003947471848471151,-0.00020833826647268284
0.06800797971154192,-0.000275901792752066,-0.004082351914726122,0.005455026532677287,-0.00040432908580497303
0.07329734433537552,-0.008673582022764345,-0.008701178315687081,-0.004747789711899138,-0.00029589822764405194
0.07479285619131508,-0.00829296311742971,-0.009757838208534887,-0.004125630783936909,-0.002086220349159623
0.07719574084471258,0.00016218852564744743,-0.01071744898310598,-0.0045113229359906885,-0.003438596681812346
0.07682848742922779,0.00027532645523707,-0.01081447003833963,-0.004250643630007289,-0.004475648736634512
0.07769445735839049,-3.9277744548750206e-05,-0.009405283907042698,-0.004707015680556889,-0.002116664098453439
0.07619689473315247,-0.0009043824960885834,-0.011260204685239241,-0.004652319031426524,-0.0024424501510232365
0.0736235477774124,-0.007308574987002527,-0.0027070623407926342,0.00036055339982066144,-0.004186158299745158
0.08870198368733874,0.022502646738429777,-0.010403820183535714,0.003910054521128071,0.00963513246665283
0.07985959592426106,0.00341695636836157,-0.010232317867161816,0.0015989118944372844,0.002457284034976033
0.08182506295521379,0.0008926523486584753,-0.005678715601263944,-0.0061286274460522734,0.002310208585365438
0.07635824610521738,0.004184779320963525,-0.00256548707204985,-0.007699117942497594,-0.006009754116653147
0.07692911036723586,0.0015505972740277984,-3.540841310032619e-05,-0.005184070931612872,0.0012898770328842806
0.08305712840484158,0.01054955920769858,-0.0026417624692395944,0.005998903855292357,-0.003943654924990896
0.074103355562674,-0.006421558660330162,0.001425723176114118,-0.004542216327131007,-0.007116290703292738
0.07165281824955524,0.0011206000118601591,-0.0034234681750486035,-0.0038659314566683043,-0.0019992498497390953
0.07364043466710979,-0.0012720147065932127,-0.0001292464737517332,-0.003971101637406239,-0.005736563344724619
0.07929601791318434,0.007067497615718137,-0.008688884875860956,0.0031712122565576806,-0.001992838732537933
0.07329774696278422,0.0013397366012866977,-0.005447995318200095,0.004982972177962828,0.0003531892557482256
0.08003877378965027,0.01279024261136296,0.006784771030797896,-0.004421320365833481,-0.01457054872439062
0.06638983928792308,-0.0045984190205503985,-0.009066135342662887,-0.005728833692595905,-0.003012232207909768
0.07697468379840616,-0.001304584328365462,-0.00534056170428583,0.0015350296852374432,-0.0015424151865194948
0.07913842052259822,0.005572584055310196,-0.005272409598794005,0.008739907697672742,-0.0005211201414918713
0.07593873402373547,-0.004613133614732499,0.0008814814640700451,0.0022780150530658473,-0.0028054438101063023
0.08367303493308936,0.011827721820656412,-0.001470134394957516,0.009594077926868288,0.003049988230428438
0.09375493219397428,0.015325139443242536,0.019684251336549437,0.0010138831913888214,-0.0005567094023758851
0.07183357237327788,-0.0014042174496214782,-0.008673264388612068,0.0020113291615194173,-0.0065293930156711194
0.0754168836249252,-0.004762896158600274,-0.011966188650519979,0.0005347564254311423,0.0014939862944551424
0.06856094161363595,-0.020573963500722412,0.011067509213643592,-0.003647025938725946,-0.002170566954021479
0.07585782027480253,0.0026320869127958685,-0.001576425061428031,0.003302472851977634,-0.007434939541719316
0.0718740835739163,-0.011181902843834858,-0.0032115913265356355,0.013448419346283968,-0.0014124659480159762
0.06977079394223301,0.0017106172593423306,-0.0038534029919807763,0.0021253447400757966,-0.0007589296022711733
0.07345158235310087,-0.018862053560226816,-0.002844812720081466,0.012824325952876147,-0.005871409719198824
0.07445345521309857,0.0008206476849835965,-0.0004298310984162271,-0.008573780599648874,-0.004540867887875478
0.07009806707990926,-0.0034559249908951268,5.37177773948519e-05,-0.004341071544178067,-0.004357464397088003
0.07979120797769902,0.011330364568625864,0.006915841230962598,-0.0005897840478151934,-0.0019874988761461694
0.07157226441967565,-0.017986037704458398,-0.003295004434700194,0.004053532334901909,-0.0007732553860351606
0.06942536351778114,-0.002735830379375291,-0.00258198595023365,0.01405146413522281,0.0003714283924934798
0.064893795929766,-0.009604092192826921,0.006782065130243303,0.007011493922657979,-0.004975350485034904
0.06284797073919,-0.012090356863845745,-0.00432965791441417,0.01635743849038401,-0.0018091775113537498
0.07104409030556086,-0.009372223355911657,-0.0054981221189467685,0.011773745006199049,-0.002889018402393123
0.07177980651847607,-0.015422925630754586,0.0037928699177308253,-0.0012095197533320218,-0.004899626062079263
0.07738168406860918,-0.010297047301033221,-0.0019192530832505225,0.008336639212456545,-0.008419753693912442
0.0717535606945723,-0.010885520685495783,0.003729474306513209,0.0002550274674148021,-0.007842847830876173
0.07067280411910049,-0.011941740689128904,0.0003681212002331374,0.003484303420262252,-0.0020395681179456848
0.07127839751692112,-0.014466664970605846,7.18643760111294e-05,0.0029178208190858575,-0.0036622042043883032
0.07254657498445219,-0.012090670412953865,0.0038574252470738473,0.0025577329734748785,-0.00396382718101195
0.07324940902502522,-0.016864294003528627,-0.002625429940144336,0.0032081394018049136,-0.007296982452023747
0.07257344975032962,-0.015114465226411295,0.0029392755137673324,0.006796209836241817,-0.005543099847645514
0.07377926630440418,-0.007030462065670907,0.0033346471314636772,0.00039956796117005677,-0.01185773770284731
0.0769213049809965,-0.014002817990764048,2.3739221028805644e-05,0.002252975222970774,-0.007417708981997141
0.08280268411809254,-0.009316294765251875,0.00013250102655008755,0.005954184469811875,-0.004603724220486342
0.07088083419425764,-0.013916457522064352,-0.0020218156880422934,0.0005179199007109723,-0.003891470493577436
0.07139303938638182,-0.014747801482272192,0.0015141644909993188,0.00400630646618786,-0.0046507884695325
0.07362286444562333,-0.015436601979669185,0.002331464781628745,-0.009960166073131771,-0.006675179414091114
0.06777957799408674,-0.015850423320068485,0.002686872249590801,0.0011434501076879537,-0.0032892948295730868
0.07329717578772495,-0.01596758248410575,0.004765786242187854,-0.0034128351314063176,-0.007241009070496599
0.06879961753059384,-0.014143482058245366,0.0017485240082458552,-0.0020639752096046735,-0.007985987775325378
0.07295823687706476,-0.015190209913602072,0.004657838934716096,-0.004036873344372978,-0.00750836356321648
0.06573476460024581,-0.017013077803590123,-0.0009449090080143158,-0.004120490073162173,-0.008623520602434548
0.07015193079977307,-0.015080068612361794,0.00204842923547695,-0.008191111578174174,-0.006588622487731286
0.07439700016291932,-0.010461402653807546,0.005207555201756165,-2.5191355355577317e-05,-0.005081664003702091
0.07063592195687082,-0.011906915777985408,0.005915436172386241,-0.0036541966422072997,-0.005460490966243789
0.07196742823039139,-0.01231119032345368,0.002048306377801345,-0.005340051870989471,-0.007211882191747915
0.0695372711101287,-0.015976400927165308,0.004485632632770316,-0.002480671535395782,-0.0037323197489288543
0.06269666008441915,-0.016925515900537737,7.696929867651841e-05,0.008408259673316624,-0.003844156729276342
0.06161031510453163,-0.0180632365174238,-0.0020167433778455137,0.004677688125579294,-0.005054624515606531
0.07007348131097613,-0.014047273012787496,-0.0005264902529588213,0.003396493782304128,-0.006510569074798911
0.06898173619153637,-0.011357757505704771,0.008649921264964984,-0.004976626892020964,-0.0048765896172651285
0.06771519667925419,-0.015522267821368233,-0.0007670489218379266,0.006470395038978354,-0.0050032267530537074
0.07001869569812597,-0.01758980665093482,0.004506787773239861,0.005880702296709709,-0.004082901602109651
0.07356212106793941,-0.015109910363509355,0.003174534776231359,-0.0007822158631790662,-0.00696225485669098
0.06914072212769634,-0.017631363795522603,0.0021445070059734226,0.0016428342247441063,-0.005684036348825865
0.06957250220624218,-0.01522244501793025,0.003584286684227394,0.00017135290673797628,-0.00541135372107341
0.06864658462801612,-0.013721978040679499,0.0016463976459260283,0.0031287567789904974,-0.005799765576606341
0.07324438791635111,-0.008602543168712654,0.0032910180132673444,0.0005690476069459842,-0.010009005796318325
0.06660079102020024,-0.020740665751324792,-0.001368345452982849,0.0012654972790075623,-0.0005088852983205897
0.06696824057655545,-0.018623732730587757,-0.0017711094255310872,0.0007864049038982741,-0.003527983774340209
0.06114247088711223,-0.023107320789075982,1.1919608174049896e-05,0.0031025954545496476,-0.0017254547675154262
0.06121352709352722,-0.01677567913966978,0.002933314398908721,-0.0005579403155116654,-0.00493506125180106
0.06322319962256347,-0.01951135544159555,-0.002043066069503697,0.0035609452654770846,-0.0019871841449745175
0.0697375376176683,-0.013143646668451001,-0.0009610820336874503,0.0037403084417191933,-0.0027260791914352957
0.0723322798598379,-0.015516442143038376,-0.0040935521760649615,0.010432828661327461,-0.0017099546113167703
0.06706210948735979,-0.015808347735495738,0.0008839008919921015,0.0076206783759328635,-0.00146109324503596
0.07159945054800633,-0.014404162646176177,0.005259958775601409,0.00599982623059054,0.0016200003902860642
0.06765893111369627,-0.021153725419900463,0.0021902099306844182,0.004366759008669764,0.002424253312843393
0.06488848915509518,-0.01781961531386865,0.004121967195869525,0.002340285041635187,-0.0016721611459366216
0.07150751995728097,-0.018654074954328234,0.004182330959867089,0.00418909748357032,0.0006356189281537371
0.07122542837510618,-0.012785236787435778,0.002276708105707615,0.0016142358723549696,-0.007185256869812589
0.07134243823482764,-0.014083154274754936,0.0027868962372422784,0.007657094719004743,0.00011571457724026378
0.06615767650552558,-0.014037302400904563,0.003922719750524935,0.0014166204659023195,-0.0012355279948338682
0.06550043076744314,-0.017415315807383935,-0.000365935472931843,0.00684090708011403,0.00042076841314812896
0.06768189439388762,-0.01434755202043532,-0.0014573682240882862,0.006091804168969926,-0.001558389882181621
0.06986050553263937,-0.016525325019888328,0.00030287771144472427,-0.0002259067570185815,-0.005404215449840006
0.06707310113516683,-0.01873684162146926,0.001484774767496502,0.003775391657431865,-7.276799618845718e-05
0.06492401870773602,-0.016960776840872015,0.009161401960855964,0.004727448698127294,-0.0008043730218500211
0.07173784487124163,-0.012761602670048588,-0.005432951327773226,0.014019446001585835,-0.00677872218636203
0.06363757297715524,-0.021159231224860735,0.006494799534029442,0.0025766148569625245,0.000572788332783939
0.0674949688673437,-0.020551098551924964,0.004753412716360507,0.0023008165572610284,-0.00202774719655858
0.06535113280191951,-0.026243595212683983,0.00044967344421630473,0.005508646101422989,0.0013353585784809786
0.06886122404873025,-0.02395526977049507,0.0019599405918018704,0.00456659860955111,0.0012341504190243994
0.06524382808293705,-0.023969460579360072,0.0009990084932357543,0.003475749598167635,-0.00015884695668149593
0.06719240266580587,-0.02381120265493184,0.0052606755305671035,0.0038018718640343203,0.0009212613084116821
0.06823677661424549,-0.014636233917288466,-0.004582440133813024,0.004712046765141772,-0.0024864633110026875
0.0726379029794265,-0.006254034589770489,-0.004709457749296786,0.002183284557538088,-0.004835897971029965
0.07113111898070842,-0.009708908113184648,0.004009197279871662,0.003919430541042675,-0.0029471153326514174
0.06693596014642263,-0.009534555770777664,0.0013479057131748893,0.0015387748484695474,-0.006092929141347866
0.06536335909842007,-0.00878693951576947,0.002451250469610319,0.0016672189723654083,-0.005726886379454245
0.06541774161487507,-0.00721388226894515,-0.0008437453268497333,0.0054517361015654795,-0.0045775705394928675
0.06747548038382117,-0.012481215472284068,-0.0018072636705269427,-0.006332757307024964,-0.005956604916955985
0.06765144943506647,-0.0022332609067682745,-0.0005552783911426002,0.005813402201186826,-0.005407646607660169
0.0818138023061033,0.010095072816879224,-0.002426702056170442,0.0016404101911984595,0.005196052533255747
0.07588179482235882,0.011520068223666908,0.007309718124065575,-0.0032706839504609933,-0.005728068410493732
0.07783279011729975,0.01001404357253609,-0.0005453259608755153,-3.9786563955809686e-05,-0.0019062531473570286
0.09597781344591308,0.038788485394796034,0.01888855959692708,0.008289006726657914,-0.002886304387523588
0.07254176461469496,0.005708267917152294,0.00296080656846305,-0.0021146211902967303,-0.0010232949533704127
0.08115989617856448,0.01674667288086521,-0.0044787678711539925,-0.0016477825070661128,-0.0008205399798108023
0.08073378771709067,0.011384938157632047,-0.004573404078253986,-0.008663645121845706,-0.00708732785071921
0.06972727684682982,-0.003484495067393792,-0.010116053820982174,-0.0018092385291821013,0.00414744030934682
0.07796082643036872,-0.010495182504875395,0.0021425665862360855,0.00554993817671238,0.00093152977181629
0.07116211559991507,0.0026096986608453248,0.002404191490502905,-0.012456689349361592,0.004271012706051082
0.08147117051054395,0.017587833090812174,0.003249954284094647,0.003179477389730857,-0.0019455746065349204
0.08735264365248137,0.020210203175130826,0.004496306811997876,0.008238469945385645,-0.003622270336151263
0.08170576200617063,0.021841548123886164,0.007442612595662801,-0.0034635798962677294,-0.012286097691113152
0.08298635908114964,0.010565834354536579,-0.012486525385690263,-0.00396599071709846,0.005154103318844262
0.06924406396116514,-0.005663136679336239,-0.012221567227493041,-0.004616479574832004,0.006891018834221688
0.08886956082861631,0.014242562268128447,0.003981194644498773,-0.0013421816937350959,-0.003167500852938224
0.09529400778767343,0.02335724671895872,-0.0029707449167649287,0.01642098747382055,-0.0019234451371014382
0.08850905316805781,0.016652595284331228,0.006171240097877143,0.010726769699447216,-0.004852498296996101
0.08176925298789435,0.013340851763280964,0.00627382002395238,-0.0031589232781891728,-0.008006348842508379
0.07351475644176565,-0.007896143042788104,0.00837394723461621,-0.0011309252999967248,0.0025065909955451276
0.07359835652172265,-0.012745923770413154,0.008611600681593142,-0.0028815224174007243,0.0025761415285347924
0.07823367854282236,-0.006685069696404151,0.002540782872097085,0.010787514387098652,0.00018970339282428945
0.09252127724647859,0.0009332964814223888,0.008666473968648194,-0.012746244403760149,0.004423553126518392
