0.015136442572074367,-0.004039385944892542,-0.002756183768563445,-0.00152610449863375,-0.0009765248149060364
0.017631339521045827,0.000850637774316695,0.004093858297602041,0.0030369608861868405,0.0037667647662010416
0.01674847216295709,-0.004286329709538048,0.0030782799948098887,0.0008530232311001866,0.0005114301998506534
0.009778565269211375,-0.007320883088641939,0.0007711448742366891,-0.003672447091917588,-0.0024444935495216012
0.009272513931010843,-0.007164709669572866,0.0034551450350297015,-0.002735579001546719,-0.00014222173088124012
0.015854633101820503,-0.00384423543568788,-6.384094419787382e-05,0.0014557652441844488,0.0004377129013024821
0.016234857132777027,-0.00354724090343257,0.0020679464941243744,0.0014500448725315348,0.00074167317046865
0.015480147735111315,-0.004677518423970766,0.002177284598491917,0.005287413137243313,2.6115083555977526e-05
0.01481751942813277,-0.0019302878331800256,0.0013686483258969265,0.009505934919633157,0.0007285155446352501
0.01601261616594303,0.0010092320646522468,0.002693630097474847,0.004159493672644213,0.0030256740236286523
0.020720777300976344,-0.0006289177184285346,0.00250733697255749,0.01174349635896273,0.003330065694376411
0.0151848409263406,-0.0005055027722046724,0.004117027993130579,0.00041482148671465014,0.0008910399350878455
0.013988037262486071,-0.004692075373749824,0.0026967401727844586,-0.0019340303654489322,-0.0011846980287773872
0.017032298823996962,-0.000559050539693295,0.0038938288571694958,-8.1408326211747e-05,0.0017116494438396226
0.012535236920059556,-0.005756897297343865,0.0033013780007977085,-0.002147731238450251,-0.0013432768501985082
0.014998333564821283,-0.0009437925829360148,0.006119928417632278,0.0010094484276937524,0.0021325845385822707
0.015338569015285566,-0.003313022070062773,0.0034918472338570246,0.0006163062945690044,0.0006442562610524189
0.00994127198736329,-0.005671913124352831,0.005792658569909035,-0.000545391126082435,-0.0007149428099052021
0.01568253426609415,-0.0014157507348061653,0.00477920398747183,0.0002694942816438147,0.0011773825569223945
0.015978329508046986,-0.0005952324361325383,0.006531641734643604,0.00105180296539548,0.0013649260664804444
0.015643269292476038,-0.00021084553078320017,0.007682798049916339,2.5131538223679933e-05,0.0025808191273895506
0.01561889807670258,-0.002919456483039869,0.004795014788360474,-0.000177115799768514,0.0007004787603842842
0.018048258452068353,-0.002910411690209883,0.00396101710519651,-0.0003080081758708635,0.001221281972057295
0.014603237167005652,-0.0014029307191245045,0.004498673050988245,0.0005751281496800075,0.0010042745813661175
0.014648268397313466,-0.001606694132688907,0.00694337984763058,7.882992279857181e-05,-0.0015543432668099172
0.014530320410962236,-0.005101328723533758,0.007882043995722194,-0.0013302985152249655,-0.0005068829928720624
0.018550710647030195,0.0010269343643369811,0.00686519975513776,0.001249279523443766,0.0003569477236555097
0.01376237254670283,-0.0006995121757453294,0.0055674284032745484,-9.249799675731704e-05,-4.952588284238521e-05
0.017148762668140215,-0.0006446252007338342,0.0049072905156755855,2.3460294874461575e-05,-0.00019825953732223174
0.015877741576633866,-0.0010135822280495697,0.006180673015597918,0.0012131651531129741,0.001382120309040117
0.014992868319347801,-0.004047398755222371,0.0027848356017366295,0.0007639463683415776,-0.0010677961500522514
0.01698333128484566,0.0024516338624414862,0.004087816263368708,0.0006627412300041967,-0.0002561520890274461
0.015105519093344814,-0.0036692740795941283,0.003171375239919331,0.0006455631749016417,-0.0013408020730609539
0.012006988369122342,-0.007338452864435258,0.00132363318574838,-6.340237560997766e-05,0.003174376106109747
0.015581035915733881,-0.0059986421203272995,-0.0032538598897874356,-0.0004921664602631381,0.001793050040062754
0.015575959575306943,-0.00602634341228495,-0.003173986992733244,-0.0005258237880186615,0.0018153329701141262
0.016594355358467237,0.003388303612235743,0.006731969675049016,0.00017398992269530996,0.0038489298299804586
0.017195935205259433,0.007550979274969584,0.00575150279275184,-0.001549670297745296,0.0053047334710763245
0.009919902809682106,-0.002676604208803872,0.003292337877873908,0.00011868405613109717,0.0009925979112452637
0.010575839565486822,-0.0051394388303905,0.007028481319122288,-0.00044518554768421375,0.002087837536577683
0.01265331035395749,-0.002898044364952844,0.0032961674329307126,0.0001341722247639622,0.0003405253666089483
0.010920791619711965,-0.000588646242528898,0.0039287391960308865,0.0001909652247482966,0.0015366939898103517
0.015877167028141008,0.0006513799541360285,0.005471715105479599,0.000259655137303571,0.002414807720097061
0.01529011303853026,-0.0012474972563352546,0.0025600074525288247,-0.0005854918240579843,0.0022784684639454602
0.012836524000304068,-0.0019672070983108494,0.0038190514054654706,0.001364913149014303,-0.002555127097776591
0.010915266160309625,-0.004823652244461159,0.0035724546249126955,-0.00031871035254769085,0.0011990665244762738
0.018187915481280653,0.007119360602698405,0.00684727343871677,-0.001692966746941222,0.005782981842512903
0.017465595607958587,0.004089760495610371,0.005403540653502205,-0.0018162239664863825,0.00456044867404199
0.013878555970981641,0.0002470828508925973,0.004174641813738941,0.00020017166567593272,0.001403159525540825
0.017195253594241598,0.004325330752399616,0.0018435101002422449,-0.0003838822734673891,0.004360889816200754
0.018285369916211575,0.00858048703841064,0.005652641290400423,-0.001202533995153126,0.0067199422901562745
0.017969052237414348,0.005263117824317204,0.005528551922159986,-0.0002583211846645288,0.004811188112795592
0.01472231392348954,0.004496537428745029,0.002847108208922292,-0.0007351408942416964,0.0034639207251984925
0.015481477738320029,0.0038121613864394934,0.006380148825287139,-0.0014663973808723481,0.002961893951702584
0.012025883692155324,-0.012045817341834499,0.007974384454604484,-0.0002755487031401647,-0.0011458925018728613
0.01476944810742095,-0.00641436461112627,0.0017450865179806162,-0.0017875602442105842,0.00013730649791421245
0.011768768229585148,-0.006829098260775695,0.002902043343820766,0.0010606833813880047,-0.0019386209508617386
0.009579155418852106,-0.0019817548516390744,0.001895964183951092,-9.286395537514288e-08,-0.0009948644536821461
0.013186113287610456,-0.0038432862907603433,0.003296002379581758,-0.0001519725480258394,-0.001244469902727498
0.010562396102485666,-0.005132057593147025,0.002466388821895469,-0.00028756543154868875,-0.0005726428159428515
0.00999304236415607,-0.00620590383526908,0.0016926573236582176,5.080549456268111e-05,-0.000776156233211977
0.01829609641648169,0.005293344030013635,0.005833698572200637,-0.0013727333475863801,0.0058021404723448185
0.019175868379320955,0.0046354962174546795,0.009751534443593212,-0.001174390671133322,0.007841873659298953
0.01580400887807047,-0.001584252050194358,0.005828754408121364,-0.0008791110263649636,0.002598393552288771
0.016438449790610796,-0.0008060355192491302,0.0037597868268887747,0.00573599246642757,-0.00032765032529776704
0.010723732157472363,-0.003744642334513259,0.0015660292327724665,0.0014422915070715736,3.5443810528750866e-05
0.013045540232104373,-0.007643363928465007,0.0018850552164845352,0.0008137757425264604,-0.01040417613458769
0.01200508829807403,-0.0030780303012075795,0.0009948113632322617,0.0002445030047397036,-0.0055358117260837685
0.013778484204354192,-0.0019202813344812552,0.0027206135802517635,0.0016914563895397184,-0.001464377963429211
0.015028552342479495,-0.0044928399174811885,0.0001456243302587201,0.00043423866789346627,-0.0009621068806093092
0.015424993389902285,-0.0032946081772961696,0.0005137399637905577,0.007632104022632958,-0.0010273897773947255
0.014391377605756433,-0.0030841111419872094,0.0022402185247928645,0.0016727961505679887,-0.00075970580065086
0.016591057701721017,0.0010996782863980318,-0.00298796696576916,-0.0016736864637580666,-0.006650884618452765
0.01641535248101169,0.0007054725134381415,0.003866297191187133,0.0025712121040195562,0.0010552869302742633
0.011250375923769642,-0.008622588248230619,0.004008372945207864,-0.0006663949137853249,-0.0011023958147443715
0.010785730708882068,-0.0051885495666334795,0.006973411805042813,0.0008205676351297127,-0.0007730023069944924
0.01402519771457563,-0.0015207224280804805,0.002034299768365073,-0.0018598812960799768,0.003599726997473217
0.016045471093860515,0.0016436709068870584,0.005324430244503827,0.00023903171753503113,0.003962402769645563
0.016079002577992583,-0.0035279893516055633,0.007685555080026814,-0.0011486654065481824,0.0033660185134074248
0.014570890989443449,-0.0015131955202812384,0.010384549131923434,-0.0006419503010835654,0.0006969787373795193
0.012639024032999036,-0.0069843215982894865,0.0029745818629971755,-0.0018360591480298717,-0.0009061006514614492
0.01606332840138457,0.0016543491038877676,0.007822371443452075,-0.0011929244927299197,0.002302427045142449
0.015644337661116857,-8.242787781032865e-06,0.007126744778697207,-0.00019800539448306894,0.001232565949438036
0.016233530669478725,0.0008177667640153236,0.005865357298837903,-0.0012809118765864564,0.002949323427061036
0.01680410558964751,-0.0012613145723947396,0.007267087030705579,-0.001125515143665654,0.0018758132956916424
0.011844472540717299,-0.0070637336687433905,0.0028641580416053866,-0.00037611933166744753,-0.0007653602127916251
0.012549042910659032,-0.005902331715217734,0.0016427612468600205,0.0015532522791015455,-0.0007106289332339179
0.015044025806106314,0.0015225526191690964,0.004434815985427761,0.005763028412151771,0.002338311191301738
0.019075326825032955,0.0004952150319688692,0.009546768534891165,0.0001976317866021355,0.005005620516479392
0.019045178240702454,0.004498634391306711,0.005739052919620962,-0.0005792361498178094,0.005851967446329423
0.018789222380147096,0.004684078312370645,0.004046002190083346,1.5970123983824443e-05,0.005118639777220601
0.01319359479573262,-0.0009104785889830545,0.008244241000174964,2.5978996472289897e-05,0.0013569653155009903
0.015517163969119825,0.0022087060033758985,0.007218863545363275,0.0013568198906102032,-0.00017758865027068643
0.013149692835936581,-0.004784451544446853,0.00794813630523944,-0.0009267532439530834,0.0010359878330564033
0.0157977762402378,-0.002543818587369988,0.00362326913748904,-0.0012891411132262894,0.0010264658350749164
0.016756484095046594,-0.0006318184685352683,0.004528258968628256,0.000953627985260157,0.001461414991720492
0.0171940385648341,7.031341841160646e-05,0.0056005195256711195,-0.00012335958795123858,0.0011690392084458977
0.01415036928236696,-0.005261111860280509,0.0021228879735302095,0.00035107295334166415,-0.000610529164136727
0.01556797838796869,0.0004855774025967457,0.004068875773350729,0.0007854932803795485,0.001481029942890741
0.016028983004854506,0.00220805744831167,0.0037770593690281454,0.0005877103170131895,0.0017278680682402954
0.014997815544607152,-0.0010714402302824365,0.003921629177548337,0.0019461813399618633,0.001910800161498436
0.015121093102251564,-0.00013652185002716708,0.004364161399529044,0.0006321065932151698,0.0030327317506870684
0.01327820791453744,-0.004420169202238978,0.001470319658999502,0.00020215479588092558,-0.0004874440197423896
0.01782549433741122,-0.004174227607863956,-0.00043726095177750633,0.0006435920174668708,-0.00020158925280098504
0.020165453127172925,-0.0016428075696989827,-0.010267522878757289,-0.00333448107564055,0.001072840433874372
0.017719643020178557,-0.0012260162377489027,-0.006566774083715038,0.01617161168910081,-0.001181264688348968
0.01107210484440871,-0.007751913667900863,0.0025801736587799822,-0.0038291933625516266,-0.002159546997335768
0.015450161451499845,-0.0036354226063130077,-0.0012241218995844155,-0.003412130764517441,-0.001630481419635373
0.014634219509191014,-0.0033577382206220756,0.0022411542749675582,0.0012207527737677138,-0.0005579444318170251
0.01716660089816962,-0.004190716133953486,-0.00020847274976831207,0.0030750394365306193,-0.0005849931330762522
0.01183451799794456,-0.005477821149660031,0.002962646663200978,-0.002244603376471557,-0.0004273010040681831
0.019773846082251568,0.0005020572514550308,-0.008273568686242844,0.0033567624589305083,-0.00353298758117944
0.01640727042625624,-0.0014721010989830875,-0.0014233867952895545,-0.0008265236282542415,0.0007674929350533755
0.01817042353472683,0.0004296845750338221,-0.003887027523256397,0.0037979302670741056,-0.00016847373957461963
0.013433186725093103,-0.00613289817426961,0.005028220710603528,-0.001626377146211299,0.0019719758215119587
0.014504801740763688,-0.0039385962355611825,-0.004067396435180118,0.0005411591592153617,0.0002268521441559994
0.013367040118394147,-0.0072258084813101985,0.006355670011467827,-0.000659824467121732,0.0021687163870523166
0.008746103519598473,-0.005066002197561464,0.0012344159020376392,8.272119166392049e-05,0.0029781560771711944
0.012476747271540412,-0.007558479119512499,0.004400435319767736,-0.0009058808160096581,0.0012319910992119822
0.010334353700163458,-0.004023383839745335,-0.0028312358857256552,0.0007222428860628065,0.0005739071465218278
0.00989419574443571,-0.007725687908237217,0.004604222262022445,-0.0022838343331377017,-0.0023732643406195316
0.007541331446617677,-0.004862450928388157,0.0026122292399090048,0.001364664209858287,-0.0011995432851008734
0.007496407662736839,-0.003674022059321558,0.0032057484598450236,0.0015728453630946037,-0.0025934378805485777
0.00839928756939237,-0.005088813170146293,0.0032000724558252924,2.3303015322944353e-05,-9.912755255716483e-05
0.008940556585585544,-0.005528877997954878,0.0024813858264578982,0.0004560518123186351,-0.0011449084089846528
0.007545340313215993,-0.0041291071261741535,0.003850616125324266,-0.00041848236300543124,-0.001183103162557396
0.008024557357961731,-0.004777650267572582,0.0037211238418715944,0.0007206960589265696,-0.00034048308891998437
0.009040894287653294,-0.006825808949282788,0.002383643875561815,0.0008350072390875761,-0.0011047011257363417
0.013747091237022072,-0.004978303402954552,-0.0031512511953994413,-0.000836797758566532,-0.0014175065637449683
0.014223141880061746,-0.004024827359928857,-0.00313093646582285,-0.0006950863557785985,0.0011019763908407228
0.014170817425938755,-0.0018416345375335467,-0.0023477932689111446,0.00023186506056418297,-0.0001069647406083428
0.012781234927806242,-0.0047623366231195705,0.0025187252561100037,0.00017543941589210575,0.0005441107818732981
0.014320797788722858,-0.008145240962341163,-0.004863556498938567,0.023674250785645543,-0.0021952341117131295
0.013121545101398149,-0.004952310227390553,-0.0039665189325329125,0.01488112441398664,-0.0019694637327646787
0.013161924584160508,-0.005624432881308495,-0.005533447818197922,0.019793142775593832,-0.003136272171764185
0.007951954988040254,-0.003627027101735213,0.002783397508928201,-0.00022896391038860356,0.0014316409692676623
0.008159497619617227,-0.0064017289522867935,0.004597140129531487,0.00023642858451059716,-0.0022089413626996757
0.010613727798236057,-0.005557533175993296,-0.0009089882491011605,-0.004054037785180822,-0.0038051301786041825
0.01137043879949473,-0.005226567525258359,0.0012879015256189034,0.0008164613145930359,0.00011294958971509328
0.009236148402207682,-0.005636915651889052,0.0002361708578376515,-0.00030591886902635486,0.002439833767005255
0.014949787960940446,-0.0041153294881454555,-0.0031155119579168796,-0.0026546498840695903,0.0029247345198771322
0.011769242792174988,-0.00814576906434511,0.0040058279781901894,-0.0008197470248850688,0.0005930809842570627
0.010167714386483834,-0.007359070796774998,0.0032084186846816514,0.0018235085013759325,4.333633652336914e-05
0.00981339311581754,-0.008166701516131917,0.0038679397582063336,-0.004073935176749725,-0.0033963889744112402
0.009400917015787344,-0.006963603336667581,0.004919400162148432,-0.001973823209452349,0.00024594835362626256
0.015450051385890937,-0.005803150060862466,-0.0017833603147645938,-0.0011841967623639918,0.0031349549338419444
0.01561951932321868,-0.00465802955569337,-0.005081767506434361,0.0012280792627217762,0.003656632930899831
0.011847095907657205,-0.0059847625428728944,-0.002802271202018723,-0.009205969704916118,-0.006355136698867774
0.01285626639420054,-0.005194644331174551,-0.0036380457509064693,-0.008468849551539278,-0.0028983735106179894
0.011250822037759749,-0.005648669980644501,0.0027892130391970454,-0.0026967133609510645,-0.0017887606299236167
0.01045447900798687,-0.003660578578528805,-0.0011290444803705663,-0.005713590907875076,-0.002552402064909307
0.012571055250539018,-0.005888059556820803,-0.002394990269306995,-0.007188162952023015,-0.0036817656009861545
0.011496295600542895,-0.0057292708198017715,-0.0013907949512087423,-0.006895693106592433,-0.004507435310644259
0.012089370005919501,-0.005989436373061354,-0.0010926324038352435,-0.002376955364281316,-0.0013426300073974544
0.00937191993295397,-0.004986404186660665,0.0021453584528074664,-0.0004737618431815429,-0.00023129550009786886
0.017179013276711428,-0.003076049970559131,-0.007861189327033214,-0.005461586855361571,0.002143662724674202
0.0175924566823918,-0.003838008793637029,-0.007670370827216728,-0.0060138572185374035,0.0006022625230553852
0.013287452727512337,-0.004931801535507009,-0.0004958700043087298,-0.0013819330772272956,0.0013599425889753306
0.01252748417286055,-0.004571282169579848,-0.00028776826498684826,-0.00012581610775089507,-0.0009780252547005536
0.010154749593206149,-0.005562346247012771,0.0011404343647398738,0.00018655286610216933,0.0018770639265339604
0.009757957547068454,-0.005717442162546194,0.004295468782601511,0.0007658526673272412,-0.0008134352174235886
0.01356909176886098,-0.003511232461555629,-0.002121876210493332,-0.0008700316223141012,-0.0005546508915091486
0.010524164395800312,-0.005787410766116664,0.0011565604623317365,0.006350045921241165,-0.0006624764702772299
0.0192740695942843,-0.0012266653416561331,-0.0062385937220118095,-0.01672965918020552,-0.007446606542166819
0.01079900739021216,-0.0061468048973693165,0.0025275925909208647,0.005696178945888177,-0.0012666303094472583
0.014227818958106148,-0.003165012348399768,-0.005171744890636108,-0.0018228489668032947,0.004078814007379778
0.01327372017245155,-0.00882489191908935,-4.4620310557717126e-06,-0.0010852078743500573,0.003668031693212763
0.012711258133752047,-0.006581501625199434,0.0010573717522458542,-0.002668141073468793,-0.001113379335999294
0.017927128906203276,-0.002686811624755103,-0.003978521476775041,-0.003515386707554674,0.008873762621830508
0.012863519631479928,-0.005631776107016802,-0.005557122621016641,-0.0010202471993309376,0.0020015546270958796
0.011780375741539985,-0.004572319018125673,-0.003671931815975334,-0.0009628833391393465,0.0008484811883676191
0.014067888119907458,-0.0051175821034347485,-0.0035405191280363252,-0.0026109269579565144,0.001220507328779884
0.014866756033536477,-0.003278613467256496,-0.0044114599688071295,-0.000496588397405407,0.00951782859138579
0.016872023239664767,-0.0018436478167809277,-0.003977900517063796,-0.001758692604565967,0.010543930138331766
0.017158190067106477,-0.0017965581829450731,-0.0031552818256259216,-0.0020499128919663047,0.008493028615343234
0.019756090227625065,-0.0022848417183862655,-0.006238149150213837,-0.002294225408389374,0.010251213506770343
0.014018533068745207,-0.002799156725844592,-0.0062859302752751225,-0.0025035999731209957,0.006386698181942219
0.00944702764469488,-0.0016460963746924408,0.0016986479968924939,-0.0015768694419254926,0.003837355214180302
0.02036442076348418,-0.0022267394981932685,-0.006519789495964447,-0.0032345094466953665,0.010742775851710969
0.020316925903454283,-0.001604148226477992,-0.007234265630861738,-0.004188999091432111,0.012470823904733488
0.02053391881574818,-0.0012948166261315718,-0.0076021552387107935,-0.004048269582821796,0.012294531601690006
0.02073932037804666,-0.0024783249195370694,-0.008108190821208193,-0.004399719413464726,0.012665440904159013
0.015832131409384328,-0.001969849459016877,-0.004156941753346684,-0.0050818479282477794,0.007565296593286959
0.019074258596344623,-0.001803405725293817,-0.005203096804675471,-0.005784593451342898,0.011522837043759428
0.019054093460239844,-0.001073306080303327,-0.0059920470583197695,-0.0060869018932925975,0.010743859330001798
0.01788731337899926,-0.00230317267025552,-0.009610886050899752,-0.0009646746366649255,0.00584603287985965
0.018770579118427746,-0.001163789891493317,-0.006462150677684057,-0.006561123070709043,0.013045037329089543
0.01907661698297608,-0.0007871061081878395,-0.006492541825050912,-0.0066772777839644625,0.013395255666460193
0.011987174866013807,-0.006603798081864875,0.0028753726624163325,-0.0028491390152097706,0.002388457828067562
0.020301008745817913,0.0009106278126979939,-0.006193527001632851,-0.0068664571202891765,0.015019188459618926
0.014679239297170443,-0.0030603462170041926,0.0032254819899445314,0.0010516665183896818,-0.0008879205857454997
0.010303076661595066,-0.0032226797767452428,0.002481698140190601,0.002400632644091573,-0.0011537472259003111
0.01712472746973588,-0.0004908361737742554,-0.004744189393331975,0.0028102407053130106,0.0007323214881283509
0.014313038451686124,-0.002748437832340343,0.002487484760198281,0.0023803498826908145,-0.0001983737330007135
0.013602463888763641,-0.005156224846097574,0.00299461097586479,0.00011399566174162808,0.00048569528934656544
0.01966814948478363,-0.0024228502373912775,-0.0020755218767377795,0.0015826903341922716,0.00034682185007559626
0.015634230813694038,-0.0027772654688655593,-0.000656193590417765,0.002952649253807838,-0.0018143779393034925
0.01567162566049335,-0.0037404824584274057,0.0005057392323490987,-0.0005348926932579872,-0.001057126361477689
0.01242170054182316,-0.0032291386846774184,0.0004436861338892364,0.0014479135080900792,-0.001102928116426246
0.01382745934739985,-0.004203759392963456,0.0005600189713675759,-0.001033182053529592,-0.001310083629530307
0.01651634388590619,-0.0016334436141912689,-0.0018479118624380574,0.004041291012211698,-0.0016381103742283366
0.01624520803402254,-0.0016313314164581186,0.0005911477669142865,0.002194867355746837,-0.000830718603629276
0.01586841014139311,-0.0018730163726889105,-0.0060994089135302755,0.0016459379322510258,-0.0019259265027203952
0.01938152925067103,0.002940554231321666,-0.007289257203803376,-0.0027585310358268955,-0.0007353884485487213
0.012059029574400745,-0.004260612706060933,0.0025151324390273113,0.0010495368475411727,-0.0011443060754049007
0.012000426999594584,-0.0069303937911152505,0.002156159832512664,-0.0013707819799967352,-0.0018502753266328776
0.009854581857187322,-0.0041611910918255045,0.0024262908619406493,0.0021862986413485877,-0.001635462672538573
0.011194191848865456,-0.007405880775908841,0.002196893553136058,-0.003111129962819202,-0.0015908031076246958
0.012591280118365371,-0.00618047663797615,-0.0032894896190000245,-0.0005197826158144417,-6.901832006458364e-05
0.017615351222084602,0.0011342901966333177,-0.004707973538407234,0.002588764079536782,-0.0010748635287967392
0.008601394458888283,-0.0022833372913353064,0.002209207386285469,0.0015645661758621305,-0.0021340849580371393
0.019407541539245662,0.0026218246080834504,-0.008436424017631124,0.0012076508396682189,-0.0016028095007220291
0.016341360476840525,-0.001280460784464489,-0.0020704980577447634,0.0018386344936135858,-0.00027939413785184764
0.01585124865036264,0.0020818686280447887,-0.0023320404560133482,0.0005938645588063046,-0.001388637824567296
0.016341360476840525,-0.001280460784464489,-0.0020704980577447634,0.0018386344936135858,-0.00027939413785184764
0.017891100431092506,0.003380153904828934,-0.0028914721585822146,0.0017228627571169986,9.466940648956413e-05
0.012388927135760222,-0.003848676539068482,0.001462692315994278,0.0034967621524774014,-0.0025252343083334776
0.016074880224568794,-0.00011062526922598694,-0.0002822335647069101,0.002638779400223713,-0.0017757802309506473
0.019451636425163805,0.0026458631049589973,-0.007757403754743532,-0.0077025949395574346,-0.006699206045512197
0.017511149075989225,-0.0011895003649997431,-0.0029277591894716175,0.0011536033436527154,-0.0018972244503006209
0.016251096184084806,-0.002323797905353581,-0.00024371402130831356,0.0009296015971309951,-0.001130712968930717
0.020154006797841677,-8.587132398324657e-05,-0.008239941865609278,0.0037342631031408897,-0.0022603172414773073
0.012116923400492077,-0.004353616121033208,0.0025735754007348882,0.004027280981890919,-0.0024030092330308336
0.01966616953797298,0.0007606996232441652,-0.00859063347409606,0.0007606663583840132,-0.005107354134446945
0.013657954067024844,-0.004620588750662673,0.0001494710747807995,-1.3595987578754108e-06,-0.0014864633038324125
0.011452345995615225,-0.005425599865995459,0.002604996549073981,-0.0013614372329689127,-0.002315355297101011
0.011976949304180624,-0.0034753507606931694,0.0025681183794122827,0.0005458330514042604,-0.002033420714338382
0.010817866836940714,-0.005699011245744141,0.005129060571524688,0.00037224106171554667,-0.002479122667982419
0.018783490164305184,-0.0018386231197976364,-0.007255330373622385,0.006726906195275114,-0.002931554547494897
0.01537550059585709,-0.0051597665286383446,-0.000805475279638474,0.0012099742366048253,-0.002489262226103454
0.009173284060812711,-0.006127276015720185,0.003751403143344212,-0.0017789336547507479,-0.0018872877639039517
0.02141775601098015,-0.0015337620923296185,-0.007023751366232725,0.017517663143148215,-0.0024756402111876493
0.01599579236383941,-0.001393601840782584,-0.00634114013165865,0.0021583991860279618,-0.0024973988259322836
0.011502985473880307,-0.0024253079670368133,0.0030189477042253314,0.001403792764753043,-0.0024840129619652265
0.014907618934268115,-0.0033300038304422542,-0.004322347608151462,-0.0011507622594576796,-0.004295750725488397
0.013578665915882075,-0.0007920857659981008,-0.0023044424697675646,-0.0008776487561285969,-0.0025546692746593494
0.016722885467618943,-0.00016431612800813989,-0.0037250398902197958,0.0038564892459250345,-0.0030217151294169337
0.01666701677154319,0.0006609729008974881,-0.008558147737114852,-0.008369579207196075,-0.007273195532014101
0.012908234204555443,-0.003714569394393139,-9.85622536776992e-05,0.00038503690898241837,-0.0033062380480944906
0.010627340619342255,-0.0058178559843722845,0.003486523294450932,-0.0005059308625100195,-0.001394854258901578
0.012983128139660939,-0.0016925429473157417,0.00196560560706555,0.00036100085554728037,-0.0008662952605794528
0.012781801492475462,-0.004104421734733433,0.0016598168016553933,0.004448765179224195,-0.0034703751908111953
0.018046576572715852,-0.0014782731935606475,-0.007688836207476905,0.0014607475146976683,-0.002196645552732488
0.015810223609168943,-0.0011855702295675127,-0.0020729488486913032,0.003918900356620223,-0.0024246314641899057
0.0158145035551923,3.623464294616489e-05,-0.004582419437235629,0.0027735712888238913,-0.0019134167883823688
0.01370761290059369,-0.002065375540600345,-0.0012381234720854623,0.0032474535598809545,-0.003110209575424771
0.014329382537336923,-0.0022498295533402734,-0.005461403156557872,-0.00802610943055327,-0.00709474220097647
0.012584784463589288,-0.0022170576398496335,0.0020178391309897963,0.0008200213429241892,-0.00357186245535387
0.016447458014441276,0.0007312660675617325,-0.0009975337139323586,0.0026576708681532554,-0.0022503987351018364
0.012100609987965503,-0.006156231082836387,0.0012476724594130714,-0.0034579394120898403,-0.00295182113447029
0.011304549676389735,-0.00661017515696236,0.00226384097873698,-0.0024303909043756193,-0.001812091207685736
0.011651594939644143,-0.008413103889422414,0.006245993248357399,-0.002349612280141696,-0.0005427566906142665
0.018001683871438464,0.0004940396995700041,-0.008566765676134874,-0.000325615604480514,-0.0010300525213537582
0.019311088277207483,-0.0013787827048631926,-0.00757681929011561,-0.009170738636928457,-0.0064659551751055575
0.017676908597801827,0.0007978771997560677,-0.007285526519413727,0.0011230463607669865,-0.0026075698843669413
0.016771152684339655,0.0004555477393686406,-0.0017392219383619558,0.0022265153876648066,-0.0007391343961791739
0.01717777189877682,0.0008560038945454337,-0.006773346672872729,0.00087782084529171,-0.0029195125356370434
0.014206459288893556,-0.0027288906642118156,-0.006615361835796903,-0.008251659336347543,-0.007475381988452947
0.016593462957424643,-0.0017384050340839721,-0.009503110081728492,-0.009214200566622437,-0.007520748760151175
0.016031248887645656,-0.001178797379338831,-0.008011132016714209,-0.00705251899439164,-0.0060035703280074135
0.011915151186409588,-0.0045730903767252345,0.00039609552040993076,0.0008362847855449792,-0.0010225250732654604
0.015540545391151734,-0.0030582200523905103,0.001940835904222368,-0.0011019343425930062,-0.0001240102633665916
0.015006213442695024,-0.0003338271537307776,-0.003930230971213011,0.006363068652701177,-0.001685269492595602
0.014962983102081238,-0.0011493179867037736,0.00043219881282093346,0.0007849615369195409,-0.004769437187130311
0.017280105036702173,-0.0001306339557340122,-0.0014377557863844966,0.002456442777961291,-0.001594139785148196
0.020980648584374702,0.004532641594189844,-0.010466855957123898,0.000702618858193231,0.001005593537449476
0.015195341168033215,-0.002591197901250203,-0.00600523941396287,-0.000400206706610954,0.0005536779122154218
0.017459400324080245,-0.0001535135794783088,-0.00638258851961508,7.378735174822056e-06,-0.0010513002004798062
0.013345146258729072,-0.004713827953875583,-0.004843167312808611,-0.00028338302419204025,-0.0007716183728965515
0.01632250769894275,0.0025758005295445185,-0.0025518062592714565,0.0024578848444959957,-0.00019971198234161245
0.019021885654963978,-0.00066107835138405,-0.0086791782338601,0.002620935545306185,-0.0009853586632038915
0.013085308224216129,-0.006404373908001139,-0.005084418066799583,-0.0010680841803850033,0.0016796931842321717
0.01703653315608424,-0.001359816151994971,-0.005730492787753659,-0.00028474173553974486,-0.0009915160493414016
0.018391209172301293,-0.0006332043083374713,-0.007505315591462249,0.0002611954768420617,-0.0005470956754944559
0.018625213375868564,-0.00028598532816213824,-0.007600585289304425,0.0007436399137119748,-0.0007183637623184584
0.018574313324366022,-0.00010737011953846357,-0.007892584267888718,0.0005419030014924012,-0.00043324869903180115
0.01716370063570114,-0.0037076424491411957,-0.007572180793999763,-0.0007920231749455901,-0.0007729326204208698
0.017197720536503126,-0.002054864729123033,-0.007060161500454204,-0.0003993656840981184,-3.7329117129905616e-05
0.01769559374669921,0.0004598118540158359,-0.00708871411129718,7.163448187501668e-05,-0.00015846148802524265
0.01939576047698088,0.0029650079640849746,-0.006530319316106361,0.0011577557165170537,-1.726276519378777e-05
0.01607279569466238,-0.0006193680964372649,-0.006615871405360864,0.014501505658500492,-8.435559380516522e-05
0.01656642428706625,0.0006211947708051632,-0.0062160174017347495,0.012215682261556142,0.0008400652839637935
0.018436668917958223,0.00021923083991667614,-0.006697390518548004,0.0002528895900385048,0.0005270429668710414
0.01947129380477894,0.0013282210555434768,-0.0065589479898404725,-0.00029843850956200115,0.0005531629607947081
0.019019120003344263,0.001357034033286761,-0.006649188701321202,-0.0008155403842042991,0.0014468070121973309
0.01791310401487278,-0.0012726795215083498,-0.008323204120464344,-0.00046395269863605494,-0.0008023039084237019
0.011788211277299959,-0.00042746982712704365,0.002228062769725301,-0.00011552871449352649,0.00163301802557829
0.021762030838236922,0.0014103167639807341,-0.00720313183346963,2.3945253532898565e-05,-5.906422082071388e-06
0.02119779119480588,0.0014513270086411937,-0.007726008203932469,0.0024629706927408127,0.0006143079224041751
0.021236905910116274,0.0014570991014819456,-0.007192703282503269,0.0014924705759880618,0.0008487889749670128
0.019680943793195224,-0.0007457990097066523,-0.004246653375722838,0.0010113484288144805,-0.0015704506636288263
0.019733670875155665,0.000866614308421511,-0.00405548714854441,0.0010944444061160505,0.0001461072177472509
0.019064168311026957,-0.00047866364095362817,-0.011084603314419898,-0.002129442337856319,0.0006169373871284891
0.020016396721828367,0.0008166225246918508,-0.005900731032693437,0.0007383685789264263,0.0006936622662790314
0.01600855300472312,-0.007065552877182538,-0.0012413063214442989,-0.005076373116682268,-0.0017101798712328192
0.02096234029968885,0.0006685520298437945,-0.005056898012776268,0.0012077184848072852,-0.00031467968896100435
0.02085620846581121,0.0012411440307036204,-0.005976537145496672,0.001482199697179002,-0.0007475909636564339
0.015383691185441662,-0.0007842488718362922,-0.0027806855811554117,-0.00350683079995585,-9.792698741719949e-05
0.02063061595069766,0.0008353901759973523,-0.005664251363817109,0.0017431656108665926,-0.0007536941009802479
0.020891083467400897,0.0008903331000361835,-0.005551190379360016,0.0014603088844140422,-0.00045096182818856774
0.018091322941901702,-0.001453657622879572,-0.004218621867526408,0.0006744029793450822,-0.001571659747184099
0.018509620435866604,-0.0006579621946047438,-0.004271911612135842,0.0011494262166807565,-0.0017749449927721604
0.018189642446715115,-0.0009408673648348098,-0.004555998634297939,0.0010833280499054432,-0.0010586007887404877
0.01766284046921813,-0.001144979554672292,-0.004107619697124826,0.00040393630417113503,-0.001150914669468201
0.01901286884352102,0.0023637853121419726,-0.001358664957986133,-0.00012149591970909934,0.00032225818856506733
0.013509041492943387,-0.004343825860393941,-0.004116914978023602,-0.00330216412211829,-0.002090603331118646
0.014212267379276104,-0.004059836138998498,-0.0019789507267538213,0.0013047429508236282,-0.002331868803455874
0.015069087263943433,-0.0007497201346797348,-4.645300481315644e-05,0.0009630159212455256,-0.00154773298454521
0.010922719757638795,-0.003080978485010819,0.0022458684531879635,0.006271554543535292,-0.0019041399144496115
0.012037358405944143,-0.0011094266344387103,-0.0015067603918089373,-2.8702028400635665e-05,-0.001325750512519827
0.01613592908388424,0.0016842105316825845,-0.0008824755956474907,-0.004376196707786808,-0.003865461052194455
0.012012517391027456,-0.0009475734916977865,0.004526603214936104,0.000273137740757223,0.00013075110867152593
0.013183064567515983,-0.002836676182067695,-0.0029095678763822255,0.01060859528956054,-0.000810599705415559
0.01675299995062979,-0.0012261055674651906,0.0003047380075035826,0.014803965799558796,-0.0016854596952593768
0.011589840571380003,-0.0027836948535859577,0.0035393601321717203,-0.000755603882855059,-0.0009510743026384978
0.014680925385681382,-0.001645275698985406,-0.0011527564947968064,0.00023178162251624574,-0.001191919908253142
0.009360985898798063,-0.0010701810179457908,0.0023734485560373726,0.0011566399936720148,-0.002071241259063325
0.016242301390993603,0.0024267954382493112,-0.00522644106241063,-0.0010576985446549628,0.0024698323309646883
0.015660537567931475,0.000749537927041383,-0.002464610465905375,-0.001556665985887456,0.0003323391287248614
0.014566706567144582,-0.0019774984365306474,0.001018072246500075,-0.0004438814434321063,-0.001948010969030035
0.013362671623376508,0.0027448658501801567,0.0023880250232988045,-9.285666389902037e-05,-0.0034113121752396463
0.011187803125860155,-0.005736843267440117,0.006439842364747999,-0.0007821317067658849,0.0008415148410849612
0.014624700232539508,0.0005721728446069022,0.012466750647616471,-4.898334623901783e-06,-0.0008709929359259694
0.014115935279212488,0.002421726221975836,-0.0010138724514319893,-0.002586596735103119,-0.0032662570125296083
0.017528013812095643,-0.000288265618307493,-0.0034769385738548228,-0.0005627393870554639,-6.036120605428195e-05
0.014456873103740603,0.0036678030100914184,0.005293622748019312,-3.310133798102362e-05,-0.002436798298930539
0.013814292238590025,0.0003699289680747536,0.0003443991339180447,0.00011125546172577555,-0.0005745186340517175
0.01520705544520987,0.001411519666572404,0.008149043336444867,-0.005315838337871981,-0.0031743454819779223
0.01541496667449282,-0.0010399469168445026,-0.002110277483961851,-0.002156574598882223,-0.0021247626960075065
0.01607090252294655,0.006261127218131233,0.0040955417678361005,-0.002960653447421364,-0.0027863520437179583
0.011772222872684618,-0.0031971592042359773,0.004480825793192527,0.0005695337589563155,-0.0011033342788535653
0.01076553881678161,-7.043779511021437e-05,-6.328036744073844e-05,0.010551019210584506,-0.0010614839929387488
0.01036247703310147,-0.005050569461314831,0.006025261622852495,-0.0015027766138683782,-0.0009366629859550485
0.015166960826532672,-0.0015700559848211555,0.004264309960063061,-0.003227529867120494,-0.00751844011226367
0.013562596467548727,0.0016765178846106967,0.00019757017921465082,-0.010639010050472544,-0.011417738811411253
0.014851944547984481,0.0049674608513789915,0.003114074351942848,-0.004216871978948453,-0.007829131866990007
0.014395552085015051,0.003355449400069181,0.0026312965823814074,-0.009887487001544319,-0.011028411633823336
0.016321527905284787,0.005789176214346384,0.0019364016806628405,-0.005601073813043681,-0.007765401974144828
0.016831518955986294,0.0052932429460510345,0.0030894145508890162,0.00013319366076413195,-0.0009074858483494691
0.015925707380844464,0.007623579065705322,0.001303667186783415,-0.00024458797610919965,-0.0009847351394148033
0.016984077541286197,0.006463716049097681,0.004273774171748959,0.0014430199062644255,0.0012775447397192369
0.0180107455967207,0.005919203592909923,0.0030577219408211937,0.0001586092593342996,-0.0001627755104402285
0.018564838138743114,0.007555351810585826,0.0028694234085006173,0.00013198583403771123,0.0001809718740159706
0.017992126523986265,0.007466823948987036,0.002129074417804739,0.00013372103275040832,0.0005220423295346752
0.01790674645135548,0.005986773681928141,0.0036550006586518638,0.0005404723665060089,6.110265501834703e-05
0.017585580162284457,0.0072986887220321955,0.005791545167373969,-0.0009574540843883134,0.0021705302463298055
0.016430675461348083,0.005857595852930761,0.004903357048981412,0.00037146415400657264,-0.0006512382952317258
0.01879508883810792,0.008618022134929175,0.003882294987365298,0.00030518984086897003,0.0016458451619138466
0.015121162315560516,0.0032044156122643663,0.0023473988074854428,-0.0008652883678871181,0.0012953719854713523
0.018865854498270027,0.004945672303996906,-0.0005231368735874223,-9.43713638184141e-05,-0.00037774730490104387
0.019040425451523214,0.00670831958793761,0.0033551230323202014,0.0011797853388586953,0.001240491912707559
0.016303744931008703,0.007915251217853863,0.0038553831805747704,0.0008552495991959553,0.0008718025827986091
0.02025438907125244,0.008156665922229496,0.0024918146699627825,0.00040630399710194604,0.0015700927694202674
0.017342728431621733,0.009067665927044229,0.0027582350939266242,0.001469209531203083,9.590680981851639e-05
0.018378111456711362,0.007377170490858496,0.0021063041934581647,0.001493371158732507,0.0011440834765051964
0.018716936858062923,0.00791654920620165,0.0029982620666414335,0.0005254465734940955,0.0012153480024793082
0.018379460021601634,0.007612196236399441,0.0029657220312572447,0.001738651029170554,0.0003502585827674535
0.017018369138724954,0.0062026716227319536,0.0033082817678273583,0.0012427115810987183,0.0004097585579516753
0.017394864115100335,0.004494887869494943,0.0013095970644016175,0.0022218556010136464,-0.00015784591753732153
0.016536406997439516,0.006215936752105184,0.0018341090447805046,0.0015072149996347888,-0.00038699680366894386
0.016469334715514716,0.0060047339334543025,0.0022913886976450777,0.0004734823242349741,0.0003651450045077205
0.017398833074476802,0.007601938771833599,0.004705531702917116,0.00047427701978757755,-0.0011010702275797062
0.019057827097588523,0.00973744760776103,0.0012082932957238025,-0.0022598025847634737,-0.005410069628087393
0.01816628133632069,0.008794539556897019,0.001147218028236488,-0.001860437192549951,-0.0038817828734715844
0.01855909800705493,0.008875103043077617,0.0007612165631681289,-0.00021000285974036626,-0.003830378483023712
0.01733600147059756,0.006355613401553851,0.0011440642206828773,0.010268564481483057,-0.0013651151664136752
0.020553220760607747,0.010330008458707836,0.0008622724171478846,-0.00016896293824365406,-0.00026530361992706134
0.020036585229881727,0.009312130432145136,0.002327984691454266,1.603059358179692e-05,0.0001461424593456332
0.01921536194081268,0.010522555377436618,0.00015535673047412197,2.643191880937639e-05,-0.0007043720495981912
0.019798238395254304,0.010371179256975843,0.0007645092522129684,-0.0012663778331668165,-2.200398914555468e-05
0.01876416175394831,0.009926444735196233,0.0010987187294876704,0.0006123579584243402,-0.0010169464772378533
0.01913566077986815,0.009377586219608177,0.00013111986190007493,0.000729027566336413,-0.0007826126128838427
0.01544108167170769,0.0063743750450737,0.00448384402933353,0.0001319836188093504,-0.0005887130605708275
0.01956208164300185,0.008400049715122206,0.0006203614013233572,-0.00011242867591648357,-0.001682992856251899
0.018333777195827503,0.006905530532880942,0.0016247905822334462,0.0005404436639739969,-0.0015627945769692594
0.01941013469557834,0.012439363305192082,0.0015134487348233694,-0.0026642226546360116,-0.005643429079232764
0.017004569035226836,0.010035200400440371,0.0009538486929105099,-0.001406214448788169,-0.005537608815917739
0.017736145512743207,0.01024199389882159,-0.00019083435287748694,-0.003115647322818432,-0.00601131779324705
0.017656901283050374,0.0073059647624847904,-6.0089217328484493e-05,-0.0002844800153849905,-0.00117630257705502
0.018057934180835393,0.0074410383055974125,0.0008172580152267684,-0.0010273642811093322,-0.0017600473158346339
0.018995353996715654,0.009385145972790136,4.51146837778151e-05,-0.00138520753066315,-0.0004365055259624103
0.01829006028099456,0.007066985270502008,0.0012153837190384848,-0.0006770471564685129,-0.0003597768936928794
0.018853472124750203,0.009161484448145563,0.0008517329799706145,-0.0007743220888842404,0.0002273262155305512
0.01895493573524877,0.009200234728378595,0.0006321027676124363,-0.001065559414504045,0.0002746089281330903
0.020552059487431253,0.0095877505833556,0.001220346389601397,-0.0009733630963648075,0.0009547246110454043
0.015398349419892073,0.006525853026198417,0.0006152180117605091,0.0026364965041075225,0.0007861194552074656
0.018350475786492765,0.007371337735446989,-0.001361500699895895,-0.0007518764311457133,-0.0003951947633126638
0.018212314370854056,0.006210822188014505,-0.0015810474382798169,0.005656661600696414,-0.0016345424454036446
0.019090072591941083,0.008017218003825394,0.0003757662646271901,-9.791970725628789e-05,-0.00018444880516110815
0.020095627683038703,0.0074910174609545245,-0.0005886180889062995,-6.241098423477234e-05,-0.0008891439893542798
0.018253225793885473,0.010025764054025,0.0008412387549166602,-0.0008416180390421642,-0.0008028723816465155
0.01809814821409072,0.008960743851551276,-0.0009618626732929853,-0.0001562827157689397,-0.0004510758737586239
0.017406679338453794,0.008243478680076417,0.0005080158605394646,0.003780666031491378,-0.00025165555787833965
0.012270586518939546,0.0006989918628206795,0.004279220911025794,-0.004012677924425757,-0.004370412690820156
0.018864824923110007,0.006832845638510207,0.0015911499661221016,-0.0015399084712102743,-5.995567187985399e-05
0.01807963614715631,0.009864493578222626,0.001617826454198227,-0.0019937530837175646,0.00010289421187424925
0.0188922419023526,0.01008081030397839,0.0015088464467112941,-0.0018594784997784755,-0.00027073020454953633
0.01920754188140731,0.008173750012006153,0.0014415360823499999,-0.0004973835189751595,0.0010204751024015626
0.018677730310818742,0.009299954768056264,0.0005435827558626076,6.018318214798027e-06,-0.0005484266269071283
0.0192881373357247,0.009165808416164595,0.0009821297170302576,-0.0013264839214211276,0.0007352348631742596
0.01857140340734051,0.007079682620297065,0.0002692918618375209,-9.849820653114268e-05,-0.0012101095528937189
0.01908863638204689,0.003309913686195909,-0.0011133488112486942,0.0007822686172964478,-0.0023021992808559943
0.018952994839598888,0.006410290418265353,0.0006315673279162706,-0.0004853364332096466,-0.0015635200624798755
0.01876811031590449,0.009861101133067329,0.0018353666671013372,-0.0020803725183944893,-0.005852671365767019
0.018068089930401536,0.008897389821537505,0.0019223210104878723,-0.0010591625361755,-0.007230879390910091
0.017489177129682027,0.007674316161905673,0.0014393739526084516,-0.0004948798367628861,-0.005204397785700365
0.014404588231755635,0.006013983252209822,0.0035641327975162807,-0.0015991717737897113,-0.004184995076577261
0.012342255520182907,0.0005013132215062392,0.00545272229592124,-0.00421826527828201,-0.00934763851460664
0.015579008828649496,-0.005040863765866587,-0.0012741294469236003,-0.002390694010692083,0.0009352881906607806
0.00944639562804826,-0.003927840312807243,0.004566419416095021,0.00046875263877551964,-0.0016764792000984418
0.013995378526716064,-0.003942617892782114,0.00033809286466421795,-0.0010342798030602133,0.0033430361468211596
0.0090374975506144,-0.006187654963298286,0.005043271356107755,0.00011611656518992572,-0.0019819840995153955
0.013072053183838844,-0.003540837635911761,0.0013834084822367955,0.0007436095683253995,-0.0032212804559545653
0.015366363967266943,-0.007036895213741283,0.00033212903758916785,-0.0018224305978707788,0.0012820428094676038
0.016736734995713827,-0.005049003404100717,0.0018984045547111746,-0.0022182790992398634,0.00026134093023531563
0.016223056733879804,-0.0037508282233150963,0.0007012208475955626,-0.0014528694712329785,0.00011093654257201912
0.019474011767105708,-0.0033937974495436294,0.006528092219167424,0.0026408328156110553,0.005494519150770516
0.013353563481611198,-0.004034025307995141,0.0013577886559620804,-0.00011937009741835766,-0.0013462459555042714
0.011254617666332664,-0.0071137075927239345,0.0037589907416799998,-0.0024006397090772626,0.0005196612575287834
0.010536598861021755,-0.007249413755370631,0.006217724090602254,-0.0019234661529667334,-0.0004330565466963936
0.009807234707934369,-0.005564463552762976,0.0034959717551015547,-0.0016731026602021934,0.00038041772003149257
0.01482244244115363,-0.005456189939280549,0.001979809003413838,-0.0013788922496338052,-0.00044592981419532034
0.019172705689715373,-0.002428536039350034,-0.001862000250769395,-0.00365873457227572,0.0014529784636633186
0.009521677955090667,-0.006905229956087813,0.004397767225390382,-5.8587703053634956e-05,-0.0018566153696156643
0.010028812940738544,-0.008336782117045671,0.0048374541160029665,-0.0014687073575572144,-0.0010030556531992146
0.009998276181601902,-0.005217527229858303,0.004782017117999077,-0.0015386954746298951,0.0006979742352309633
0.010853554689373721,-0.0032956795286041007,0.0036189386625298608,-0.0006627224878272656,-0.0002759755340257248
0.017921100722648436,0.00407413328533663,0.0011850349220931086,0.0001361125362905122,0.004573005318057194
0.01889288875008476,0.0036789283282505627,0.0027914383716076034,-0.002237094162159305,0.00293192176222667
0.01360310240122262,0.00018442510279239634,0.005717217032726158,-0.0045126803739445375,-0.002375347493268493
0.012885285516547891,-0.005008179916275898,0.009520697995721415,9.768223050730718e-05,0.0010997174662480352
