0.8467674690031726,0.4665454177517056,-0.4471847439622635,-0.6061078379503363,-0.010945522819367929
1.2100261663387901,-0.35067914770354885,0.08502945956599506,-0.07248691454452263,0.09669368379755588
1.4042057485897077,0.42954923585860055,-0.16646183980026652,0.5364284243013451,0.05670885778055872
0.27651220589905784,0.22887331744356398,-0.05805300782809678,0.15103132430835298,0.06973367270667724
0.1947068267249591,0.15487838257805384,0.15451080140212584,0.021890802996610143,-0.08424083484101903
1.4819705422765015,-0.06966494537219901,0.07767473350209503,0.09108780150595526,-0.5887879434550173
2.7078696093475103,-0.04548635706416344,0.014082684105202057,0.12050984329479822,-0.7491497578931394
1.6756080736405756,0.44345687362394043,0.07968657418483736,-0.2132875715612886,-0.37228586941224323
0.8794394399282208,0.04300086879229558,-0.1781142241024171,-0.37189577125160517,-0.21576944818889351
2.4230630900880223,-0.32792273188593407,0.15364224560583042,-0.7110836281618595,0.43804526915210623
0.5334773695283804,0.008556149101241497,-0.09674898218653188,-0.013365098835507879,-0.14791398475561857
1.1120632556502246,-0.19138889174792043,0.07387909159964663,-0.033731718381937774,-0.007816977224557193
0.564610465266332,0.14853654453833973,-0.02903363802327827,0.11147536044527911,-0.02603320877158346
1.0045753471040966,-0.14334486148995132,-0.07574343402174384,0.0759377825856548,-0.2159886053304203
0.7245712023790536,0.38921279740218834,-0.15307193614391507,0.309958804607516,0.07419167210122576
1.2044521220797106,-0.08237546037534388,0.18677244168239363,-0.11108804363949613,0.028724995559173124
1.9973356773306725,0.18423477983737252,0.1694127285848924,0.33274159175251905,-0.5273337415997601
0.4941677356076614,0.208371989993844,-0.17653548072147296,0.02267091450086578,-0.07284068881482951
1.5883991621137201,-0.25901879652679544,-0.1553163116217549,0.103103480950929,-0.396255956955791
1.6175895227847703,-0.13036439200148148,-0.10283800430666241,0.13651105911340505,-0.3708192989848282
1.0246882673030424,-0.16750097728094349,-0.22661971807410256,0.107925863176043,-0.17596492812621384
1.044981182877995,0.06120871880353945,-0.03727624882678793,0.09571713750952328,0.16312483730121644
1.1454225386274317,-0.23667029709110543,-0.18308510231129382,0.11544725131018738,-0.31283469522754787
1.280565654761148,-0.13229620340514106,-0.038154148320593176,0.11178617130739957,-0.3634195601498477
0.23975492563549725,0.011371666306736167,-0.002492166596680579,0.028717593752051,0.007481326155538532
0.33195834016360515,0.0769910337016873,-0.08951891126153416,0.11470598936878701,0.015528607116063254
0.6278629923219452,-0.14809145729948964,-0.0863122501325722,0.03369418741719334,-0.09207194075263385
0.3910465299958738,-0.003009983300119512,-0.10577132549621782,0.04557923706380673,-0.08311754157451545
0.7511952856830466,0.06415490132435543,-0.20445782461780554,-0.42126384973110426,-0.12699417210751424
0.8622253915673195,-0.11507514265430936,-0.07007122335820827,0.05880095933258332,-0.2100966608401835
1.6134941536592013,0.10014783940081494,-0.26333240452282847,0.20518962872260796,0.10056700651508313
1.0644928416780228,-0.26102387160609414,-0.12409389926192514,0.12043574952580388,-0.3998399313025591
1.6206079482824263,0.1011897789629494,-0.26992481026204085,0.20851567589037948,0.09135494995648967
0.05419290843011627,0.0076122442606527865,-0.006356604826581377,0.0046912396394624455,-0.033991627505755496
0.46575403451692554,0.29404481792142534,-0.06967768537461567,0.12166627076701714,0.16170384728176593
0.4576952080109008,0.29271269250796506,-0.07169633143291419,0.12177718452581558,0.16844740927051052
1.0089842899712642,-0.15167531993827338,-0.004260301516082551,0.019899540311964035,0.006417903032834447
0.8622326900377315,-0.32126061466179545,0.10675321985606501,-0.11727256090489695,0.053667115452779815
1.0208832272802122,-0.008541922046985066,0.16391787677585412,-0.009975052962313791,-0.07940720934787224
0.38241697395608115,0.01733984340613132,-0.0601592879881867,0.015056781421519158,-0.017596236952764684
0.8563830221908145,0.2180129730497279,-0.019569445480727816,0.013484524147090763,0.0016566872647600013
0.588678319533454,0.009578112978496653,0.1719186661970287,0.015453757282584267,-0.0007209562149997069
1.3998119616255742,-0.2109654503983017,0.16125100844474027,-0.12300918885604699,0.2874385417719107
0.7379153132552778,-0.21150885214816498,-0.10675024374521157,-0.024067320312912453,-0.019579022340432177
0.6982991295203912,0.17322298256017785,-0.039641109864371984,-0.4379214824389861,0.24031103314703067
1.9696184090751514,0.7398161485396045,-0.6306788194972752,0.9908798698012733,-0.12981538739340098
0.7562512247085146,-0.29599957095433815,-0.010564115117889045,0.038419673049750254,0.11235221089813839
0.9449314138857147,-0.007264297251546246,0.11110359370081173,0.1249635387546886,0.03759908500018981
1.5836123045077821,-0.07368438097436607,0.21462680616950114,0.11370880030995117,0.4654084535504505
1.057527194961503,-0.21023666740066665,-0.17979751197533828,0.1100622480504343,-0.0382759746399418
0.46710993815098956,-0.09580353546765899,0.029612696206434135,0.060363756308904046,0.011714855592323244
1.1033683701862882,-0.12731463738309914,0.18572629270056223,0.04968939936019633,0.1105382789547195
0.9903115702610876,-0.2641816335219149,0.10984311221529125,-0.02494923727395437,0.08725650376784053
0.520022664307105,-0.14164947148144627,-0.029359539988971974,-0.013540324638130435,0.015385248346488651
0.11397349731491237,0.08234660271456107,0.002286125869063064,0.028301169923529004,0.05189110469792005
0.18058041552802764,-0.007208481523356521,-0.0077199858844743535,0.02184353169508982,0.05612295651503481
0.15797252172829077,0.044529122183595726,-0.016212650462401893,0.0070461174888976855,0.023568059233888012
0.14179910557082626,0.04213713127296901,-0.020366560994456873,0.018373638455554366,-0.05265948969599749
0.48961433403160537,-0.10892720623673599,0.047376840932760456,-0.05652862347348086,-0.054932959917014676
1.5231548110769424,0.4167740346606483,-0.0014809446263432864,0.31674693664217013,0.08474236419980581
0.08049702965285449,0.008363673691027843,0.013191733138139155,-0.0035076441842843,0.008273210853229424
0.50370227250784,-0.14112345028002876,0.22386525980109973,-0.06911608576869406,0.2751962567120983
0.34823843658735154,-0.08833048674290199,0.4633804153417925,-0.17006897156966203,0.4654813905057614
0.8094784095943792,0.16818291618063225,-0.1109213797931005,0.13598936646691237,-0.008115556128137347
0.21122438652885508,-0.008607897231595515,-0.019921903363086274,0.030645486105863665,-0.02313677330457205
0.7401986273819463,0.17810327871361184,-0.25808385241030307,0.10159823431784659,-0.012438615339661535
0.11437708002770423,0.07212564167712435,0.03177519596827797,0.011678087257304045,-0.07882027687511542
0.6789150088480016,0.15937380509261964,0.10109885633160134,0.12579739510887575,-0.12009131453511841
0.2690134131335572,0.11987212876920197,0.014802329829664947,0.04951771156338742,-0.11141169117789079
0.5605971303637463,0.0969493657448811,0.2995377175875584,-0.025032356937959233,0.1044291942286751
0.7382944296072612,0.015644587185800488,0.05097033524005186,0.05027126370329066,-0.08500391528820486
1.7142922256561137,-0.021243483286525172,0.07885987909765259,0.023062842460905012,-0.20305805212280148
0.2308366630176432,0.028110753515815257,0.015484919045087519,0.0348477879796927,-0.005510087255320906
0.6850415597309792,0.04657517488125439,0.6709942627933492,-0.1732132309161989,0.323189107277943
0.43400123643438004,0.45062190271334307,-0.12331104555068795,0.1664453040130647,-0.04159754383647951
0.25010515456483934,0.45930306445617325,-0.45343638779575024,-0.7436242352885521,0.23632165289381785
0.1236942288702254,-0.04054540511053258,0.008635008545297931,-0.015432485142789523,0.03262334291732965
0.8714157114186686,-0.2222583153827166,-0.16910984191967746,-0.23193185266433294,0.19920778622109944
0.5019724762393524,0.116053198440887,-0.23999202561209726,-0.4090113924086386,0.11061200639482585
0.32368679087608543,0.10093265527908521,-0.05489001027893703,0.10018550127655625,0.060874118270308156
0.6632092971334935,0.48312629434447996,-0.16327180301344513,-0.21245532460384922,0.213766931992892
1.0811521270165882,-0.18734432386554653,-0.12021058036752359,-0.05246997594771307,0.30991587135753107
0.5475589805955239,-0.06812309296097882,-0.04576392567086626,-0.02135794760155646,0.006977190974438165
1.121395229007431,0.16394030239525129,0.38212535744946974,-0.042937355121991067,0.3516411912913747
1.1138486059246686,-0.09803112555327773,-0.016853842065425468,0.11563374077898436,0.21577075487392466
0.8089122972714817,0.7122874889789291,-0.14208194470600097,0.32763375458064337,0.0691168260833266
0.8039138154294073,0.42775609031675865,-0.07512808212569728,0.06569155224879289,-0.08588865883185812
1.207513447885007,-0.06525485425454254,0.4151498670673551,-0.14206640273099433,0.3187782890525596
0.39076731176342333,-0.09276602345367035,0.18560930112300728,-0.047050517069387766,0.21953702841409997
1.0102740798300913,-0.28219138624094825,-0.17251031354282514,0.04012847839610695,-0.0023794656729628464
1.142857659037037,-0.3839665977008398,0.03902947774162041,-0.06430904857159475,0.07540808511731567
1.1805294289454045,0.2662366807871285,0.11989246459946394,0.04081090195316309,-0.11678432136703408
1.632578158671014,-0.2913116967399469,-0.2631070953171716,0.04315574659317092,-0.0005950828081414316
0.5384323333286626,0.3471458872675144,-0.17960176395629146,0.6715790344411288,0.10957358583439307
1.0393109772856335,0.09516654334453205,-0.07017814424782458,0.006749436641574764,0.81815319640128
1.0853471337835547,0.03484795878540534,0.1675918600847159,0.11123265207458283,0.829813989908503
1.0991534162725634,0.01967627101551044,-0.12517203369915028,0.13005029511440805,0.5911860770274764
1.1330265034470406,0.3932521970699867,0.4927065251864204,-0.024205237572992925,0.995103789158834
1.2854558173734567,-0.006306514963007644,0.02670403917615017,0.20313217601776662,0.8496315298262951
1.3981500614275923,-0.17740924370991265,0.08326642974003791,-0.03507414249761937,0.733862006108384
1.3604979783968014,0.08555914505878977,-0.1454794162006912,0.23625016045938044,0.5879169844118677
1.1052264044452682,-0.07546370623953631,-0.12358743368763454,0.06960618138596218,0.4624028858501575
0.38439506864814266,0.4623858543128825,-0.34071319732268224,-0.6674628897842169,-0.11671100227671419
0.35122216839760556,0.05356716791665792,0.05110445125675592,-0.0055749724173542485,-0.018258597063059986
0.5855261313051376,0.23100902502065196,-0.035057322450801336,-0.3603780651598576,-0.04595124800163591
0.4187634599599734,0.022850433792669277,0.21234984847300847,-0.026097850463791126,-0.05896122227495771
0.7049326912239017,0.5617997110472348,-0.10285902564188545,-0.11073782364568124,0.15353028051796824
0.472747908537121,0.15994334738002305,0.0895500960937392,0.13732178511186974,-0.0010549382939777203
1.4572435715802947,0.49309949016332943,-0.24944557584166277,-0.30739008464930107,0.16883840586259102
0.6960913818085911,0.46927539071264907,0.027874510043605947,-0.28505128555903836,-0.3230298747414909
0.7195667756768976,0.47450570709693995,0.08997086484502227,0.30476087922412975,0.34583859039356113
0.5087269361475302,0.059589990683941926,0.18420454663430366,-0.022085572208732068,-0.036403103846592094
0.35617225055585716,-0.07070493004676145,0.02064751793143618,-0.0005005589414669036,0.01110589944036584
0.6648831218913489,0.2380622797569245,0.13665138579218394,0.11301835174320106,-0.08748715876023772
0.477572782049704,0.08408996397839287,-0.139757853978093,0.01487675221458457,0.10034107753074084
0.3868613526263157,0.2102998650724086,0.15627128387406117,0.11345933149343881,0.06865384234951238
0.3100674639427418,0.029388806903635316,-0.021476886388117462,0.03930061475492857,0.07528214480853884
0.9663548658791647,0.4425335553229062,-0.44082575812469066,0.30800192802962534,0.2944125952199321
0.4780392786267591,0.19183706983116428,-0.19731636208290648,0.14646673379405098,0.11252699206991187
0.2936781544478219,0.21621417213588448,-0.1979714910667205,-0.3691192250097614,-0.1650984600919806
0.9713848873348525,1.185958637686331,-0.5162838992036362,-0.094794401809413,0.19774604762161999
0.7978672873540757,0.31826674135370736,-0.5249077593600757,-0.38814904737840905,-0.01720947155956087
0.8884904626691538,0.6613688906226052,-0.6128595654165798,-0.6824258100581791,-0.023313526587657826
0.9700095299286221,0.2911294592383882,-0.2531026666952439,0.13848642712578305,-0.2041322832374403
0.9659374591238461,0.8241109225708624,-0.6779670839151944,-0.8027781057769979,-0.08498403778490134
0.4809101950336751,0.5732279796379014,-0.15504963909814753,-0.40506604767925297,0.23928243763619597
0.8253025569329604,0.24176225125962345,-0.34614398473405533,0.011794971497004711,-0.1692437442576012
0.5726390086311566,0.6297049940997188,-0.32475957538624384,0.2820720436476748,-0.0021688680682097217
0.3707480229503454,0.13258282891807122,0.05184927300767233,0.054855127969346926,-0.10648549742802671
0.9146211827329618,0.43652692210728866,-0.3099002188276935,-0.28554995120836113,0.07020222347660142
0.5361055902782844,0.26751732499043274,-0.23255537098655513,-0.3467535365056162,0.003964486838710525
0.5174500418816749,0.013333901269093517,-0.3083816240214651,-0.031049041097780825,0.010647890881169096
0.22293551593582708,-0.008911714393775083,-0.011714425038506653,0.05176923573846381,-0.02068412782342702
0.6079392813023649,0.40178079677455947,-0.015334662603682677,0.2547975077833206,-0.3979135698306259
0.11804537803625127,0.033035253613656834,-0.00611667303558231,0.03045120033723773,-0.08740658681458859
0.6100292816572819,0.27219567047271537,-0.3252904977447307,0.08233419360044796,-0.3033475441179206
0.2456788476692235,0.14286937451503653,-0.06169101605292181,0.00785310908462402,-0.061228430611232496
0.6367649854003468,0.9467502609673458,-0.5493156358241736,-0.6367410765018794,0.13596536858444008
0.7024088904169757,0.291179779281725,-0.4731433305381079,0.5628708160341196,0.05527246853998705
0.45204574254819124,0.2618415072265841,-0.1853196679093096,0.07331412410482654,-0.035351549731704957
0.5764530634236573,0.20384115548713014,0.041505949101313,0.022533431749660382,-0.19405684775050286
0.25746091242280966,0.29526074554479886,-0.3336533513525953,0.4867926515023124,0.10505462080382225
0.6955707226437613,0.5622381312296205,-0.498230608421063,-0.2704968345694848,0.08184641055599692
0.5879607629791209,0.3591539502237055,-0.1308086289855354,0.2070113658692074,0.07210779270563036
0.5533473451080032,0.3898951825008851,-0.3147730358633985,0.7507316510800417,0.035723652822309895
1.0431563012440548,0.6005292149058263,-0.4320839288945296,-0.5211905742875012,0.12464963251377714
0.6041420226942249,0.3407419817627117,0.053630613342947685,-0.022263447756903452,-0.0014471398686712732
0.36823253957118884,0.13155172950763455,-0.003941478596587306,0.034918805424190714,-0.007190938980730589
0.2624487227576982,0.12366105828316425,-0.05207946161895586,0.029779927215419603,0.06924206622293134
0.3342173718950734,0.3269932749028024,-0.029334930810680893,-0.018648468678002184,0.1735582241130297
0.2032876517389748,0.004765949096714639,0.029527827388450622,0.03845943172558588,0.0021588763706340912
0.32111012704477165,0.28362268924104306,-0.23702186725393792,-0.3814880434583285,-0.12446341679633312
0.6279717906111066,0.3086464502108299,-0.011071823639771102,0.15717124045105146,-0.1911603714874564
0.6113968963265818,0.42518641976369514,0.08163256145814313,-0.3214919182320306,0.1852922937378776
0.3424036428805736,0.12688226952575885,-0.11898598065463958,0.007079757531710201,-0.018376491343022803
0.40925414282370526,-0.06126918252652896,0.0005828584822673772,-0.0005268367412562715,-0.015475632732624653
0.32531811110018044,-0.02840458702116107,-0.01648480319133483,0.010658919204265985,-0.04126771001116228
0.737101073369083,0.1657013899283391,0.07490576671922895,0.060351326952999926,-0.07797058288959238
0.8012384524735069,0.21687117224689872,0.09412456096789022,-0.004613304934591903,0.1395037908607108
0.5064363453606573,0.39593248196802017,-0.17451510339250903,0.2269078758927057,-0.16949562699064216
0.21961452840989554,0.24546320106663258,-0.23642921459706867,-0.3288970743842752,-0.0739316954299768
0.499685427066281,0.10030021544790757,-0.030370780705747134,0.035998409834626405,-0.08315298017884658
0.46913256267854414,0.18838625858563673,-0.1911258842746428,0.09045353215955973,-0.06190863743416786
0.029909763040148526,-0.028019269595068137,-0.0011195757940432515,-0.006090455810117227,0.016743741752957942
0.6735399385463857,0.2143427130235688,-0.0367145778095432,0.12559272637549082,-0.02001893942555012
0.612610947667622,0.28636030521975625,0.02338398084934237,0.17569993361332273,-0.008630287064720068
0.031523209708748424,-0.007478808709549841,-0.004682897776966177,-0.003890569008970601,-0.0014799447426521318
0.3400433458291312,0.17361206465025614,-0.17243773294329284,0.11011764225023922,0.022128802593798392
0.3493551765525949,-0.019992326902687655,0.1256721978868848,-0.046439018557251355,0.22141545320207337
0.09178561576771518,-0.019116368823217447,-0.011309991013574206,0.008172362421887347,0.013063602628560544
0.13299082665852294,0.07951472709772117,0.16336933977724363,-0.0009875641146361988,-0.04732020477449966
0.2961206128857375,0.0841452792312398,0.11412462750193601,-0.006184660790948377,-0.048949576565692314
0.6589063273531108,0.06541369166047042,-0.021857055286138516,0.012606061105198251,0.1776212421357486
0.5372217468448219,-0.0803388351041408,-0.04885331360685994,-0.0006921926390582756,0.18531123115319334
0.5087451481315478,-0.08507197524029399,-0.029339337834717562,0.053100877192927956,0.23048169327643073
0.576312851889826,0.04128309055681853,0.3707194990134047,-0.036621756155349926,0.460618432856812
0.6348930027398916,0.3774436611829943,-0.16105800793406325,-0.2026902575204735,0.20710737537813875
0.41856725391198574,-0.08880483218293762,-0.13875789416872694,0.0168966171989648,-0.0190336325320081
0.5940570451429045,0.029049141592809767,0.3688979295404444,-0.036954163334671636,0.46417417990701726
0.728216512509289,0.03510901096710399,0.4264815673625004,-0.04812581942578653,0.4942647973010561
0.6483102707533759,0.008372358507589186,0.3859357759066466,-0.05757782314583143,0.5116710117729586
0.5401935228964323,-0.0287456425467789,0.3054515997457141,-0.060951383288610224,0.426918249066043
0.4663043895658498,0.15227720449272622,-0.01627366961450009,0.07454855873367179,0.15036569109950754
0.520383068947049,-0.015650815196053693,0.2820255430738878,-0.029567409470392846,0.3915816807682834
0.47833854289281913,-0.014798133066364485,0.25500228654814033,-0.02859115935083443,0.3890139018365258
0.40195964372205895,0.18449695158503732,0.016567717499481598,0.10626504619778535,0.19130887811033723
0.5147544888303724,-0.07106981795018172,0.2590217498575723,-0.04657782059851224,0.4335901907471554
0.526452861484918,-0.08607178982082472,0.2592931091612084,-0.050619892408384534,0.444748074639081
0.29031650240663953,0.2188380554391628,-0.12571664849704717,0.18951175027975958,-0.004640764432831909
0.5992099294637444,-0.15515379005069038,0.2531940063818756,-0.06820559145108548,0.4901585664381349
0.3091645016014429,0.07230037781089778,0.12971749870295674,0.05060388466029523,-0.038960128457686025
0.7069427759482615,0.35776677398579654,-0.36211959621974527,-0.18324357102052324,-0.06051854368757887
0.5590461066076419,0.11544636817945185,0.18345144836923666,0.02351203547813384,0.08457297130521273
0.30454559174271645,0.05665088538183729,0.03253797172784465,0.05499588671435265,-0.04177887272572838
0.2791156787048728,-0.014021107162674375,-0.03772647218690495,0.0032148205558015733,0.018298707828591363
0.24534002401832702,0.24492109450257885,-0.09318392305203639,-0.3269570832658445,0.005019851764280481
0.7343215699977694,0.02914655372202752,0.03523176530982702,0.03713275651623378,0.02696957696541534
0.8046272778525018,0.44314182072483926,0.3332821446535101,0.25061422529903793,0.0435033229557884
0.41527794161037157,0.205134238326364,0.1808139879916298,0.04228870128159173,-0.11170558850950964
0.5138735606079939,-0.019021572158288636,0.08902105043781905,0.0009245381701441055,-0.0658765612575893
0.5874374575430671,0.2367339260510378,0.3145253601645144,0.10317239951891738,-0.0802593875713776
0.48312484169413844,-0.01645823887494193,0.034665005208863356,0.04028038664441839,-0.08066789522310455
0.81560399363812,0.141388447470594,0.24941745660977763,-0.01817720950814028,-0.21651028419460483
0.27195608415450795,0.11513992228805582,-0.09533902701340378,-0.40487992296036834,-0.04237613863304641
0.36187469826143087,0.23213186471190583,0.2851374759286915,0.07997247032714107,0.1831729380155004
0.32923759675901565,0.06395400746950783,-0.08293780658035735,0.07095698022283152,0.09027854640167621
1.5212485469127626,0.5430814839230036,-0.06244034067775185,0.1990919389945297,-0.6075474411522436
0.9058798643836834,0.7834535555126878,0.1312325848719887,0.3978469909626964,-0.005940392528665271
0.6832215175713195,0.5874689636204737,-0.20692530768980746,-0.25881472655055626,-0.20493776562155944
0.5568745382324066,-0.16340559105713506,0.03748618132514269,-0.0021194787666061984,0.03268402504458107
0.202273314324605,0.11597596930728817,-0.006141421382283821,0.1052101966924718,-0.05248057902488683
0.16588759093093622,-0.041966053829562346,0.021213405789272076,-0.019674879656505766,-0.05609699683322561
0.7628003810682168,-0.0591877909386088,-0.04197750376900001,0.05589474616837734,-0.21841733894434712
0.8970370414562632,-0.07505639316812107,0.028209566222031336,0.025254614689704535,0.07201903785356331
0.7628003810682168,-0.0591877909386088,-0.04197750376900001,0.05589474616837734,-0.21841733894434712
0.7826003190626244,-0.22873398008198584,0.05899497254584967,-0.05950720018427308,0.07263278811706682
0.3260942989794291,0.07165181119612889,-0.00606617854462707,0.08335226969177013,0.02012412731468449
0.43749154912446364,0.18273201462544503,0.10392023725661576,0.10133129932856352,-0.10551400585174123
0.2430369820551604,-0.09421530370857925,0.023008411981439728,-0.003166688223605266,0.02726938021432166
0.911047319128557,0.17924830711141135,0.0848542632682902,0.12959267510404787,-0.24177005580583252
0.6420647851491242,0.0639745981244687,0.32512678480042156,-0.040418552840715834,0.3124891703116648
0.13719087254279816,-0.0016627865950280863,0.05088342539077818,-0.01743553979719921,-0.037003652605740164
0.5751462028099432,0.10706762494154004,0.029102803405259062,0.06388219042296128,-0.31471787944918084
0.3380335514777488,0.09079773344722557,0.04031807582147871,0.07617786036003517,0.09120357675807063
0.436326247576612,0.273135880075713,0.2250975042743673,0.07856070309701384,-0.16970928287203282
0.9221531675532637,0.529748470945232,0.4700424431707532,0.19653512587802,0.2733771163635498
0.9837863515828797,0.12420769050822085,-0.23369663911643418,0.09058832613585766,0.019305208398856882
0.2608112123057002,0.07058416474021896,-0.04335004438275302,0.09042430495650951,-0.1151223814642094
0.21809730789881882,0.14461422330653764,-0.10210194379214847,0.06696438185926297,0.033357437115449744
0.5588296654506699,0.1788364240768104,0.31710809231668236,-0.07303145016312645,0.38364511982866
0.8693274641382683,0.34833710635164483,-0.31302890164621117,0.6880377215128983,-0.06816523684173414
0.39195557289128047,0.014882292468115064,0.15507196634034784,0.013016835219479413,-0.06968837908264292
0.8828286194591319,0.21815011917721647,0.17075089505019025,0.0276458010353583,-0.13770337989616868
0.7376023264362479,0.026979283949317204,-0.10333965974364265,0.04144997460231434,-0.09555346046748897
1.1392875557463227,0.5879890887821496,0.025271686730066016,-0.22783130550720385,-0.4709790590503284
0.5644637644782521,0.00729202050307256,0.04113096305587746,0.029714156093459516,0.052463400959406846
0.3652865261538928,0.036917578042253416,0.22737397143685473,-0.01842794906816299,-0.07324054580970815
0.391259833099192,0.08141647494174406,0.0037872751562282275,0.07368929820144136,0.04780487731558394
0.28161183158504655,0.12467997157863663,-0.021744135330874968,0.03122860770811839,-0.020021919854761313
1.115056828324644,0.815917592633234,-0.38790721581019627,-0.3985247209917453,-0.03449066969533342
0.5341688220210121,0.10899200417782991,0.06648645483682787,0.04079232684973691,-0.004277782051422925
0.42167944682080544,0.08827232147873981,0.031164351662182167,0.04062602152672873,-0.11482733034955205
0.4504270056833022,0.16277624132846566,-0.02940109606647667,-0.3844068725693808,-0.04294566769954852
0.5551773919146594,0.024421287941491784,-0.02340445568586194,0.09248476332619379,-0.06204506885720528
0.5604346834114879,0.12757033182108798,0.09015155239565255,-0.03034354434622453,-0.09901291904431626
0.5636883937651741,0.022579153499833065,-0.0014927638547189155,0.053892678509564154,-0.12549544995068448
0.4701297488600794,0.1782734909059627,-0.021934348905533228,0.056482998602413605,0.0024135356715811237
0.46727943434043673,-0.003644128602105889,0.010172239705938642,0.03324918021853794,0.04473976349937557
0.6013936564213866,-0.023664396998856987,0.0508305066280627,-0.02573194983808649,-0.10889260557182998
1.0961400059946675,0.6398453345860478,-0.2369510539174946,0.8752989359128072,0.3881657170322075
0.5504267003544516,0.6794924316772635,-0.5072534431431318,0.31970017819821106,0.21363826392975488
0.5595950021373777,0.424899655337797,-0.33874555391773736,0.5682154030169415,0.1789604837220118
0.35001560206141225,0.01999596603231113,0.14823817452083143,-0.045055462422503516,-0.1210086472770178
0.35051413975552054,-0.029804617863705748,0.09624200189204479,-0.018177158224620283,-0.010659020777538757
0.5510257968915939,0.1507616323335715,-0.06719668563101468,-0.4112832178554918,-0.13448681715431643
0.5627235334729841,0.1103274029986983,-0.05388422408735861,0.0030287150728066704,-0.16050514348744183
0.441172382212638,0.19642872277827342,-0.021600814218138288,-0.4135654010882091,-0.09116670923179983
0.7298792895276055,0.3468774900207476,0.15422794762329806,0.15291945496348142,-0.11487290339355184
0.39737209700512616,0.1310082142299886,0.149451032400313,0.02469227787015021,-0.10473055837710735
0.426854426307694,0.1193662479313306,0.11443051674214352,0.031166780660660906,-0.0947957955202747
0.8847371195711698,0.04660480450116045,0.11480134303425694,0.04554725862559842,-0.11251673444712249
0.3492062971468234,0.049307077762909726,-0.15876970687212677,0.06126128811561845,0.1420620651245537
0.2855968464230527,0.02617494804910435,0.018845151005436087,0.03498804066227603,-0.09605271426383724
0.9681684981725327,0.07125156269666291,0.16182123994257197,0.10969855983972267,-0.07889629112764096
0.4651021216154757,-0.03208665232899102,0.09254453182760682,-0.023960089443000408,0.10382615777172155
0.3689875326961988,-0.05193262030017301,0.06773411403117886,-0.05112164167614604,0.03839234293056078
0.7817642373925858,0.3220001653019569,-0.018515201543282817,-0.40490365657154487,0.009292545257179709
0.5915699628656952,0.11934533596085045,0.17686711645873845,0.06865834071644455,-0.007619343921361782
0.26656214924145455,0.16321490590280766,0.11355530780330847,0.0031972680011111113,0.21239392853099157
1.0259916505905664,-0.10943780903854046,-0.0608930205611144,0.023062869931848067,-0.035195582053674894
0.34829645520927044,0.1358765431810597,0.26317832203160857,-0.012794808593215447,-0.013416377471390545
0.2216409097335229,0.13587906884609935,0.09652677858669098,0.030296130113416864,-0.17370080306305324
0.6887112181396612,0.21924889474518766,0.44644129038745367,-0.08506671441262484,-0.1940387429367909
0.6643037936318282,0.145106534348475,0.3827593008451706,-0.06755892116615057,-0.10630264735114753
0.7112570983365314,0.21815398554361096,0.48148969250458057,-0.03886561118563861,-0.167159443603304
0.8420313212727294,0.27167720654902694,0.45890575132718225,-0.10786410863784197,0.01699849610041839
0.938121503037369,0.42874228855885865,1.084073838111026,-0.17080720248028247,-0.01484214348430328
1.1461746804264448,0.40190680667577483,1.017786116509772,-0.18476715617290862,-0.2308365846545819
0.8054599435146035,0.5772626982742391,0.12010981081433085,-0.7820548092656004,-0.10003429541626627
0.6703348514738908,0.2408406204744331,0.1252555998484033,-0.4398831866783172,-0.09573558489776833
0.9714314530361774,0.3398647557152927,0.0468976562782926,-0.2974160647864345,-0.1528293867786689
0.9795650987961632,0.2853376816281171,-0.07072647189974446,-0.26802651121653454,-0.1105991449592815
1.011691760855785,0.15551269861407052,0.49484064275123435,-0.07140002776766544,-0.22490502214385885
1.198978020061286,0.3179175430626385,0.6927593567216692,0.014079861945754883,-0.19305403685762262
0.6272145495432893,0.1146657499589635,0.21257237285308955,0.0242797627552086,-0.021573368885639342
0.9650403990511965,0.19956751473664996,0.37191611077186376,0.025832872722339324,-0.5470269443462832
0.8736185462780465,0.2846071735901442,-0.48518742893659933,-0.6844933334484651,-0.06723075397640718
1.0615949562601874,0.06355583737699315,0.4315251402064448,-0.039890331500572467,-0.31497581433756916
1.0557209394245748,0.009727813909207343,0.3925146141001253,-0.05217828577332479,-0.29267425625332305
1.145440132891671,0.022549258872415313,0.4203324405635398,-0.06583666255612294,-0.30964669003866063
0.9136818786747729,0.1933548020409741,0.6253819965809939,-0.09765009837947924,-0.10496930179331238
1.1088199995677208,0.20600086116964728,0.7455519838650628,-0.12525889623259812,-0.16166737736340764
0.3971008104527602,0.1516005857565165,0.39897108657964475,-0.10430894944976654,-0.2483772795597877
1.0896210942013516,0.18703142151520372,0.7518161942102972,-0.13834279054349327,-0.1618946711066127
0.160798986054166,-0.0037261008930056026,0.023030883140677957,0.007977129430166497,0.04164456439312558
0.9733669422856375,0.1906783593346674,0.6452862577315989,-0.09420632347886498,-0.1618248760143234
0.9948215575051269,0.16412023359100025,0.6279803275987799,-0.1045166910131389,-0.15079419017423054
0.2736974249389959,0.20098429199003479,-0.21107881810060664,-0.383227525572813,-0.01091510128164783
1.0041023064098547,0.19533986543646908,0.7057753073459645,-0.12171355207373338,-0.24023411850218845
1.0061337943463755,0.20616356267935834,0.7267115692343423,-0.1299024593613975,-0.20263597347433204
1.11559553500017,0.39050266562630365,0.762523162070889,-0.03490299824179266,-0.08332302220773312
1.0889257847604685,0.35008079711135365,0.6828859922712929,-0.02892461681359591,-0.052556109031393856
1.2441696489141223,0.35756919418006905,0.8393784547263038,-0.08260612235746592,-0.06324796312870211
1.0950898299967184,0.3840912251912141,0.7777895363735764,-0.039288961716711236,-0.048438943744909445
1.4063490398585592,-0.07031590540289975,0.5614711427920243,-0.08650102682508741,0.15630019780227244
0.13494139421229492,0.1611766391062413,-0.09770982356752628,0.01449736928843631,0.008204794992001933
1.5244306468243578,0.7444976790839231,-0.16412021370701638,0.44172974152332345,-0.18209295033955394
0.31774425927732336,0.17271622146333732,-0.09106535753409088,-0.36884793906534974,0.007811556599335982
0.22926363027196514,-0.04887502629761203,-0.003020893549949823,-0.01547563543795962,-0.008541090513069451
0.3870900975436653,0.023394727828901972,-0.07753316181595156,0.11355333273805146,-0.06483715906614464
0.3875681870631587,-0.0941565474334151,-0.077571405164229,0.0775538637565292,-0.06374414866943315
0.4537718487213417,-0.003039520600545021,-0.10714979734407257,0.039825711039569535,-0.1036559284447961
1.3562996707403947,0.37787677148955195,0.08666692291952298,0.12420837591193477,-0.46015033942453504
0.16545259622426983,0.009420245701820163,0.015017172383257399,0.011070518700386597,0.012569870155172877
0.5485476730857317,0.13578442693601123,-0.11059992194938245,0.1479926014006858,-0.019720001261632748
1.8843488766499243,0.10164587197347717,0.23214787639932363,0.2240362531233831,-0.25916902880736137
0.18144255897727746,-0.018880056019108197,-0.00044957333433459624,0.009774625532958445,-0.02820814032589062
0.3072054353853162,0.04618458694421508,0.0237290744312113,0.030712059306339714,-0.0845105921867484
0.26454948199787454,0.1510534067410337,-0.1356279005695031,-0.36189486243932556,-0.048332016159049494
1.4598609213749143,0.31699604108801155,-0.07900028644635812,0.5539714858412579,-0.2424611667609715
0.4990752559553844,-0.10342263527817325,-0.08233468201860793,0.002104478178739211,-0.06322064946263332
0.671557925245329,0.4109977116076731,0.33793689690980955,0.23127655685295048,0.1564472910619404
0.10854697417072297,-0.0010045796019448,-0.09498229520757041,-0.01785578729968728,0.04820895500911447
0.4808408914384431,0.0907266795941395,0.04393594823862145,0.13303978590798096,0.07800019461514196
0.5716506918733226,0.10183189142745072,0.1477498238436702,0.06884156099943517,-0.05415317174428858
0.7532398000943485,-0.15242508879388458,-0.15671468362788435,0.10453987136823882,-0.02333073358995813
1.0681536187426515,0.15542368389653693,0.2924032350573124,-0.029660763431375064,-0.33212250478330974
0.3363614124296445,-0.056220131153573424,-0.01904963566184212,0.026195278497652113,0.014041503554835176
1.4704591400332283,0.04675564651010647,0.05904054425626121,0.11304765566496211,-0.14365912986132284
0.7303159971892002,-0.2314231717414674,-0.044560223609251985,0.029102185392810676,-0.20872406507318841
0.9674950232419068,-0.047466686261545835,-0.43806342288620814,0.45579376428903035,-0.05902369287511292
0.34548693989812645,0.182540081667516,-0.07320861175980825,0.056940584804359075,-0.2469361157790307
0.8392943406921948,0.23482215405634105,0.005798080864378018,0.22597609385479747,-0.04099164076890793
0.13959313294293116,-0.023269303244478127,-0.018944210739684584,0.002231080103157205,0.011625589401216973
0.6656167168583151,-0.04979863481171553,-0.02026937017811948,0.1266845375081218,0.1468118154153682
0.8291763985452286,-0.0853061036047769,-0.08966286164498848,-0.07584536506335833,-0.12239629759160756
0.8214449085103296,-0.1979346715394354,0.03851713463108154,0.0487459192072592,-0.05779474104579855
0.5391085644834953,-0.13304928604136668,0.010883146385064046,0.01787318186320984,0.07080197943412489
0.953741457646926,-0.3038084239913085,-0.06440069804333447,-0.047323826761043616,-0.019969057209521735
0.46279508970542915,0.0765514546704728,-0.15948732675757027,-0.36556242164081587,-0.02176813330105635
0.8952123168493145,-0.3481307173386953,-0.001679102869839081,0.001685761016344653,0.08967291875870208
0.9990925050506747,-0.292590583011105,-0.34636979859921946,0.45708912036520216,0.05292270588844681
1.0894420555162645,-0.3368656037747822,-0.28812650540431,0.4258406970631544,0.1436432454230743
1.3225781134196704,-0.34729962760358385,-0.454715018170392,0.4178384471598634,0.08268688898657739
0.9015605004659236,-0.2592738408241424,-0.12507263765142948,0.016519852378114278,-0.11527675985775843
1.001529501318233,-0.4581763178203552,0.17086585218111588,-0.1079215129480411,0.11696930503863569
0.7244602774963563,-0.22968037014403592,-0.021134340084060094,-0.022506281941827085,-0.048670234643305846
1.2274939603436816,-0.6345008837599082,-0.31221715194400823,-0.0537902914938364,-0.15465677971977862
0.6922390810174492,-0.13116306062361038,-0.027045360873867927,0.06146331182991938,-0.11331078700213605
0.9251975764375602,-0.2513930778771606,-0.08305057154510649,0.0207743213184505,-0.1259883147173546
0.9871958478271836,-0.33917911099770304,-0.10246228430336068,0.005291818793194642,-0.08034211413023938
1.589156994815968,-0.4458149087341846,-0.1723764384097834,-0.025895186287498,-0.23348604190593597
1.2214302965648052,-0.43534176659430823,0.22374823081243495,-0.11531530540092556,0.24650112365183266
1.4970474548759776,-0.5595660522215532,-0.08753317120435128,-0.06413132057916128,-0.04794481015821779
1.4592779097692001,-0.4980125589531078,-0.16174648201114988,-0.008279357356446616,-0.014319321809767312
1.933606992861933,-0.9652219656967869,-0.2789163195027076,-0.17201139646916094,-0.11123481915983578
1.253730519945963,-0.687487520049477,-0.2843317327389866,-0.1332003352771365,-0.172099869195398
1.5182181569687925,-0.7002386683059763,-0.30795565300175165,-0.13345776300388634,-0.3508193232463699
1.1577288662099723,-0.5996455615773156,-0.32475389534373716,-0.12117100045010802,-0.17266586635937237
1.439919849302551,-0.5334842282000819,-0.3534277031947737,-0.04591745621335431,0.09289557665183185
1.6879592990567747,-0.6585814878955557,-0.3237086805875531,-0.06561871583459848,0.022544091447799647
1.1530941533970134,-0.5976404805850931,-0.1778429383209878,-0.14073337186736148,-0.015387315666677929
0.6840424848487663,-0.2078727438688641,-0.02143001352288046,-0.023788099977552636,0.03337286285779866
0.7949796110401779,-0.25389435823778533,-0.01294417837717766,-0.03672878408696177,-0.033328400485486576
0.9142730990667871,-0.3260374205474214,-0.03247206968845192,-0.01076138373808165,-0.09672199404961455
0.9006942069978363,0.03993886912686018,-0.26060415915466173,0.15355111744044198,0.1562275241195962
1.0658698842068006,-0.41084682829907593,-0.004585890250816869,-0.09133368624142632,-0.08163610060288995
0.9947248785561362,-0.34252702703842025,-0.08668699290443103,0.001491247166247343,-0.029381766924979246
1.3487507007838602,-0.44715313327277145,-0.1324410375068317,-0.04470693351957323,-0.013177688685513363
1.2069616519468833,-0.5681463480955738,-0.033254917893115604,-0.06732595176126381,0.02194037013892203
1.1669167023550984,-0.38761666568549696,-0.2453204450851837,-0.06294395515650954,-0.09677266628688438
0.8839049585340572,-0.39037874125921634,-0.06461121067659024,-0.06097429590127577,-0.08446054216819487
0.7478347294095227,-0.14788031440215182,-0.05387381590225407,0.07114718324470246,0.22250877432129235
0.9486414548541087,-0.43589678554662614,-0.027883929048700684,-0.0433315192994977,0.05131110350742476
0.9834651466862989,-0.23796233974118722,-0.01902826600771348,-0.016701399304570815,-0.08561867250646371
0.8134276128218317,-0.30197179257121637,0.009861727170164994,-0.039017930125654854,0.14274801341651322
0.8882019599353161,-0.13109766440198412,-0.198353513335333,-0.4278158558072865,0.10251132147905673
1.182565736369886,-0.36456741582242,0.017697659965031746,-0.04730799683952404,-0.19301599318026802
1.286798657986002,-0.249470858344467,-8.537722660624567e-05,-0.0063989727361489866,-0.09719944443542576
1.0860321440204752,-0.27225472950514906,0.014436816720243302,-0.019615452879539096,-0.21047551609930834
1.2914245436942187,-0.34996402791270265,-0.10375801748367855,0.0022130881396432754,-0.0962827081920853
1.0149333711525192,-0.3218861113981671,0.033380973757551696,-0.06504023591745828,-0.03103757688478661
1.054916683378861,-0.3457464152244361,0.05084585683106058,-0.09873149492950963,-0.1743911776944541
1.5251275478615816,-0.5568263720060932,-0.012672658596248644,-0.1012705958779446,0.04202507752209052
1.123872020456367,-0.4612532356519548,0.011715789716735774,-0.11743814967664282,0.02293390995809536
1.806623333207096,-0.6674615625399375,-0.13811658456805,-0.04226584492209351,-0.1907534173060569
0.9795045326811433,-0.2682683625395417,-0.021243919059943637,-0.13813120128406117,0.05946088898573893
0.9384606369803403,-0.0391685330040466,0.19124362123108352,-0.02991259005229033,-0.2948842480162065
1.0214360711316284,-0.5097367815199015,0.017522685782924177,-0.13473597808128138,-0.11315629661046397
0.735524391961159,-0.46446007277414236,-0.07155152953655197,-0.12432309463927228,-0.1326552243225144
2.039975370700979,-1.0432844746154952,-0.08632966280211746,-0.1607044444195685,0.023653948482584737
1.0389373843459748,-0.5703643548711635,-0.040681937962579955,-0.1547137166417113,-0.26024215382434357
0.5919913670944407,-0.09928533517807488,0.06493994895065108,-0.011693585034496233,-0.06304874430882657
1.7650493317076161,-0.18433217106298364,-0.2457499088874921,0.3453600413010452,0.04441291607461971
0.9488499247025335,-0.1959499646421358,-0.06811275906136977,-0.0006916606513305588,-0.09595389964529896
0.7065069943111537,-0.2730327528340062,0.022004873177531185,-0.056821137152256444,-0.06234365987998037
0.6763996949897644,-0.3490115291765702,0.009781117712183504,-0.10703146659486869,0.04626990074843525
0.792381283915671,-0.3683518416441046,-0.058897947233538486,-0.10347939101779993,0.1020365937811394
0.733802686764931,-0.42581260952992356,-0.06958518275618251,-0.07317389878351876,-0.0015885970087930665
1.1089479212522375,-0.44423256279698486,0.22465352192787036,-0.1906744239686033,0.2478775190645198
0.6309983224987334,-0.23548490688864115,-0.02578543579818257,-0.03955230213272907,-0.08037728755685654
0.9000116207486524,0.12383894626179562,-0.1341030420822863,-0.407087790904274,-0.19373992157849462
1.0350412427622755,-0.2215039791848556,-0.07288172674097947,-0.06772499087349147,-0.08636308374608767
1.0799978542033777,-0.403506139949596,0.0039180393858145625,-0.12193433666449864,0.04243014246674007
0.9743740272620921,-0.11136695523088692,-0.18261622505543207,-0.4965678585028486,0.00631133058590094
0.9061964092056175,-0.19803387422889726,-0.052397334962177584,-0.01568118845951246,-0.13189848236063847
2.02648634098059,-0.5915048368982118,-0.23936028457467193,-0.18549494633581243,0.10082872601491434
0.6731561000059969,0.26424391950057796,-0.07836965290183437,0.20472785297665985,-0.2031844324960676
0.3263313768714923,0.08161891896327461,-0.05512239005898257,0.050387979216656026,-0.028903009940545545
0.6317965816622517,0.2784065173275399,-0.09264008740317628,0.05308959611729544,-0.028345379946562943
0.48525254777589777,0.19199243985142275,0.16791299190143602,0.09893547776880686,0.06875071352047021
0.050621467147945735,0.06410233833375062,0.04496586219048802,0.023229846568260666,0.007337208052646297
0.6294234130682086,0.10688323838434516,-0.013432711195432595,0.05189005401673213,-0.059899572247422865
0.29029319983460306,0.12013068561123182,0.030942549258113676,0.05436365990427233,-0.013599249066715379
0.44683417086687466,0.023184733435312972,-0.038228002486783846,0.06918540555619211,0.02721192094336932
0.49945611069051193,0.20948148111880702,0.2528386477766271,0.07131726587925795,0.2538785067030185
0.08372157333124056,-0.020239195502275507,-0.014519138685494806,-0.009638672628008568,0.000977829364642005
0.7064071332357368,0.049669319224474456,0.2578382328000312,-0.027028458314720148,0.15774414095372052
0.5882091407610684,0.4393968611300767,-0.40020922733551806,-0.2926685698887403,0.1968089711603502
0.39649641872008706,0.2607971216817561,0.09123204579457532,0.11048449025300044,-0.05103587655169138
0.26735263174120755,0.14637594888458694,0.129907808241946,-0.0005459620170940982,0.1266945710106173
0.20720505449380153,0.0896543669052641,-0.0260429655919854,0.10511297470010647,0.09624345393763711
0.36159338496339727,0.066447122074329,0.02129491764576237,0.08630324998144404,0.20477350679412393
0.5607587794672406,0.5369173798821723,-0.5637798776725091,-0.5837592040674743,0.4178499965136705
0.07536660408584436,0.21694718127089813,-0.16308871736920125,-0.341608061999787,0.06101509537142508
0.2928288345192417,0.38738184393627373,-0.361717310851453,-0.6712782579217488,0.1385473419756964
0.5614485234344275,0.2664842257479853,-0.17146055824245562,0.10596284939804873,0.12611079015818621
2.862326446426449,-0.5673894800899807,-0.18203494442750054,0.17050650666570827,0.3085362868705991
2.4795606303943676,-0.5120803966595355,-0.2998079653998564,0.15021230782178457,0.6200073267322708
2.593266572138017,-0.09925557625398328,-0.2326611833912612,0.1662535155162349,0.6697401498078267
0.20185293872898855,-0.012527968868327185,-0.028083227208984707,-0.025619173608117194,0.10648240174351925
